Method,Noise,Samples,Ex_post_Profit,Ex_post_Std,Expected_Profit,SI_Penalty,Volume_Penalty,Operating_Cost,Processing_Time_Seconds
MIQP-GL,--,19,3409.1186137952304,1433.4605174052779,3573.256349527999,96.96062790720086,28.544868670011823,308.8693245335629,2.3333378340068616
MIQP-PW,--,19,3793.0979582134046,1544.2998934618788,3899.968662883195,-9.614416323210063,148.6227882786801,267.29925778037625,838.996222433291
DFL (GL-based),10,76,3724.8893421052626,1512.7700106892967,3777.8909210526317,-1.7246052631578948,72.82644736842106,307.7651315789473,1.6722368421052631
DFL (GL-based),20,76,3720.717236842104,1510.3878036465549,3780.164078947367,-0.7740789473684212,76.42342105263158,306.3036842105264,1.7356578947368417
DFL (GL-based),30,76,3720.967894736842,1506.0463895912512,3782.469078947369,-0.874078947368421,78.77736842105263,306.5186842105263,1.7456578947368424
DFL (GL-based),40,76,3717.7475,1506.0617074999502,3784.7239473684203,0.08342105263157965,81.26710526315789,306.58421052631576,1.62
DFL (GL-based),50,76,3718.4915789473685,1513.512958661892,3781.6325,0.14960526315789502,77.2671052631579,306.70789473684215,1.7774999999999996
DFL (GL-based),60,76,3714.7315789473687,1509.994253902579,3773.2977631578956,0.4530263157894738,71.69197368421052,305.4507894736842,1.7999999999999998
DFL (GL-based),70,76,3710.6451315789477,1514.2237717849525,3777.105526315789,-1.2653947368421055,85.10921052631579,307.8747368421053,1.7831578947368427
DFL (GL-based),80,76,3717.452368421052,1521.533749027271,3784.5673684210533,0.8609210526315794,79.02302631578948,305.53723684210524,1.7128947368421052
DFL (GL-based),RS,76,3714.2219736842103,1530.0824704657978,3770.532894736841,-2.155,77.72013157894736,310.1069736842105,1.6686842105263158
DFL (PW-based),10,76,3781.154868421052,1521.2918419119924,3957.1472368421055,-16.883684210526315,241.60881578947365,269.7259210526316,1.7465789473684208
DFL (PW-based),20,76,3781.8096052631568,1520.9130299154217,3936.4490789473684,-15.001184210526318,213.43973684210528,269.73710526315784,1.5773684210526313
DFL (PW-based),30,76,3780.9657894736847,1528.4159586388892,3937.676052631579,-15.540526315789473,218.02565789473684,269.6356578947368,1.7252631578947368
DFL (PW-based),40,76,3776.188552631578,1518.264446362099,3949.154342105263,-13.879342105263158,228.6653947368421,269.3856578947368,1.7118421052631578
DFL (PW-based),50,76,3781.811315789473,1523.9833541246153,3954.387631578947,-17.15368421052632,238.4722368421053,269.2067105263158,1.6515789473684213
DFL (PW-based),60,76,3783.605526315789,1523.9945484359139,3941.349605263158,-16.279605263157894,220.48315789473685,269.62157894736833,1.769736842105263
DFL (PW-based),70,76,3780.314342105263,1522.0409593615504,3951.500789473683,-16.48184210526316,234.4477631578947,269.36421052631573,1.7246052631578948
DFL (PW-based),80,76,3784.2902631578954,1521.0293234043615,3951.05855263158,-16.86,231.2336842105263,270.08684210526326,1.7181578947368419
DFL (PW-based),RS,76,3867.279078947369,1510.198509267068,3966.433947368421,-26.413947368421052,193.5026315789474,271.6492105263158,1.5997368421052631
DFL (PW-no-NN),10,19,3806.2589473684216,1575.308864829352,4193.804210526316,-16.093157894736844,493.8715789473684,279.2115789473684,1.2010526315789471
DFL (PW-no-NN),20,19,3793.1115789473683,1553.5834104034136,4178.632105263157,-11.818421052631582,485.5847368421052,279.62368421052633,1.1526315789473685
DFL (PW-no-NN),30,19,3825.5073684210524,1562.1072857516046,4206.801578947368,-13.35368421052632,491.85578947368424,279.3726315789474,1.1010526315789475
DFL (PW-no-NN),40,19,3844.6689473684205,1591.618639152869,4210.627368421054,-11.167368421052629,459.7384210526316,278.14947368421053,1.305263157894737
DFL (PW-no-NN),50,19,3831.097368421052,1574.0219953208407,4197.787894736842,-19.534736842105264,482.42105263157896,278.0742105263157,1.2384210526315789
DFL (PW-no-NN),60,19,3827.583684210527,1578.5228772607866,4195.622631578946,-11.712105263157893,474.32,278.85947368421057,1.2
DFL (PW-no-NN),70,19,3836.6757894736847,1588.0316455191235,4206.197894736842,-22.440526315789473,493.5584210526316,277.45736842105265,1.3021052631578947
DFL (PW-no-NN),80,19,3845.144736842106,1568.1938670237046,4204.9389473684205,-16.012105263157896,463.3663157894736,278.51894736842104,1.2615789473684211
DFL (PW-no-NN),RS,19,3857.5536842105257,1602.2163726025497,4229.578947368421,-25.22105263157895,509.64894736842103,285.40473684210525,1.2194736842105265
IPOPT-NLP (GL),RS,19,3477.6099999999997,1212.4117061689713,3531.879999999999,5.327894736842104,49.65052631578948,295.43210526315784,28.335263157894737
IPOPT-NLP (PW),RS,19,3797.6394736842108,1538.6787279404282,3853.8247368421053,-17.683157894736844,121.07315789473684,259.2226315789474,23.762631578947367
MIQP-GL-noised,10,19,3637.783999794408,1573.2141921097843,3642.656121504934,0.0,4.8721257259971225,307.8844050357216,
MIQP-GL-noised,20,19,3588.5541285464637,1555.8492841921461,3608.4127839740954,0.0,19.858653821443255,303.0938415527344,
MIQP-GL-noised,30,19,3471.5829050164475,1602.3470852219834,3471.5829050164475,0.0,0.0,294.27419401469984,
MIQP-GL-noised,40,19,3313.637460809005,1554.1768546123203,3339.791821931538,0.0,26.154368149606807,286.5248678107011,
MIQP-GL-noised,50,19,3272.719103361431,1556.7573873498736,3286.24900416324,0.0,13.529895983244243,284.151566354852,
MIQP-GL-noised,60,19,3153.322140342311,1464.2522860669205,3175.053637052837,0.0,21.73149831671464,275.65571513928865,
MIQP-GL-noised,70,19,3055.252059133429,1555.6695708116229,3092.450301320929,0.0,37.19823576274671,273.67377271150286,
MIQP-GL-noised,80,19,2943.8147101151317,1514.300987053749,2965.0537237870067,0.0,21.239003633197985,266.51400194670026,
MIQP-GL-noised,RS,19,2861.1294973273025,1358.7337070470392,2881.2869423314146,0.0,20.157440185546875,266.1103395160876,
MIQP-PW-noised,10,19,3766.9040013363488,1515.1600677866572,3942.247738486842,0.0,175.3437315288343,263.7284951460989,
MIQP-PW-noised,20,19,3731.54343775699,1473.9821450930083,3937.0713918585525,0.0,205.52793402420846,258.9207627145868,
MIQP-PW-noised,30,19,3684.8093582956412,1450.4959319511763,3861.1196224814967,0.0,176.31025374563117,253.37986353824013,
MIQP-PW-noised,40,19,3658.3854851973683,1448.6670697622644,3862.1630538137338,0.0,203.777587890625,248.2178645886873,
MIQP-PW-noised,50,19,3589.7241146689967,1381.7708260697138,3833.013787520559,0.0,243.28965357730263,245.7143470362613,
MIQP-PW-noised,60,19,3582.682456568668,1396.9865605083855,3784.6815185546875,0.0,201.99905395507812,241.8394670988384,
MIQP-PW-noised,70,19,3485.4802952816613,1338.8512582468645,3822.3512798108554,0.0,336.8709773013466,236.75813213147615,
MIQP-PW-noised,80,19,3403.3849198190787,1367.6663292329065,3798.893997995477,0.0,395.5090705470035,231.20139473362974,
MIQP-PW-noised,RS,19,3364.6047941509046,1283.043414177088,3783.3390856291117,0.0,418.7342745630365,228.3419727526213,
DFL (PW-no-Rec),10,19,3832.758947368421,1551.8653836087958,3892.50947368421,-22.79315789473684,140.63684210526316,265.9605263157895,0.4147368421052632
DFL (PW-no-Rec),20,19,3810.713684210526,1547.227145976564,3904.309473684211,-27.31368421052632,188.54684210526318,267.83473684210526,0.3631578947368421
DFL (PW-no-Rec),30,19,3820.8594736842115,1538.1171513230559,3925.028947368421,-21.74105263157895,181.6236842105263,267.49105263157895,0.23105263157894734
DFL (PW-no-Rec),40,19,3822.5778947368417,1556.6550336452517,3942.842631578947,-26.428947368421053,212.19684210526316,264.7452631578947,0.3042105263157895
DFL (PW-no-Rec),50,19,3785.096842105264,1492.3341953353652,3973.0536842105266,-26.91842105263158,280.08210526315787,266.09736842105264,0.25000000000000006
DFL (PW-no-Rec),60,19,3803.214210526316,1530.1997610672192,3971.181578947368,-25.478421052631578,255.441052631579,261.82,0.28421052631578947
DFL (PW-no-Rec),70,19,3802.2731578947364,1508.2795788913222,4006.6589473684203,-28.869473684210526,302.1357894736842,264.0805263157895,0.29894736842105263
DFL (PW-no-Rec),80,19,3801.399473684211,1517.3196871913963,4000.319473684211,-33.52473684210526,311.0021052631579,261.2557894736842,0.29368421052631577
DFL (PW-no-Rec),RS,19,3857.2436842105258,1528.3063475451456,4075.3594736842115,-27.82052631578947,317.0305263157895,264.6942105263157,0.31894736842105265
