date,hour,power,head,volume,flow,price
2015-03-08,0,3.3138116765138204,75.6184307917033,330394.28249866684,5.51827291629634,34.63
2015-03-08,1,3.4406985131742,74.18301822072353,351434.0211867562,5.844371857802599,35.0
2015-03-08,2,3.054221528503639,72.7894666181821,370282.7709349105,5.235763818931758,32.81
2015-03-08,3,2.96849977336883,71.41874548742138,388822.72275377234,5.149986616350503,32.81
2015-03-08,4,2.9131708223796178,70.05687306520302,407242.98966637976,5.116740809057617,32.81
2015-03-08,5,2.7474879886661236,68.65286397569326,424780.19666994165,4.871446389878301,32.81
2015-03-08,6,2.712671198019368,67.19633932195774,442246.2673898168,4.851686311076435,32.81
2015-03-08,7,2.6831780096658804,65.74230133642835,459682.51896270167,4.843403214690241,33.43
2015-03-08,8,2.5180388324496654,64.31275786053254,476190.09444555163,4.585437634124972,32.44
2015-03-08,9,-5.373905697250447,67.34796172924631,440428.07112267625,-9.933895367465368,24.02
2015-03-08,10,-5.802386848908236,70.30514818641971,403884.8968480227,-10.150881742959328,21.86
2015-03-08,11,-5.652492923603733,72.82925700375375,369744.5784355049,-9.483421781254933,24.22
2015-03-08,12,-6.450278724688357,75.43935114416728,333076.61501639814,-10.185545394196325,19.24
2015-03-08,13,-5.795746905703094,77.58412290261778,300951.2947471256,-8.923700074797935,24.94
2015-03-08,14,-6.372195707072441,79.80217503173408,267285.20112690143,-9.351692672284486,21.46
2015-03-08,15,-5.773281125934204,81.64816368790864,237601.1274251245,-8.245576028271373,27.0
2015-03-08,16,3.5449359008447354,80.41088993488037,257496.87348891696,5.526596128831244,37.7
2015-03-08,17,4.490124534131876,78.69838929442865,284261.33015710703,7.434571296719454,48.0
2015-03-08,18,6.212722754292816,75.88505102589365,326400.7291614013,11.705388612303963,72.7
2015-03-08,19,4.394483820430898,73.9672817628863,354352.0060664752,7.764243584742744,44.94
2015-03-08,20,3.9275699789113863,72.12509058018942,379268.91659033834,6.921364034406437,42.55
2015-03-08,21,3.7809830470188377,70.32796401008515,403576.2970446264,6.752050126191122,41.49
2015-03-08,22,3.6909241392802272,68.41623573714291,427617.5932661786,6.6781378393200725,41.2
2015-03-08,23,3.219787932608067,66.67000453002412,448557.867179537,5.816742753710656,37.5
2016-04-16,0,3.0024153170111845,75.74140332069156,328552.3467017669,5.006624083824137,19.24
2016-04-16,1,0.0,75.74140332069156,328552.3467017669,0.0,18.28
2016-04-16,2,0.0,75.74140332069156,328552.3467017669,0.0,17.19
2016-04-16,3,0.0,75.74140332069157,328552.3467017669,0.0,18.76
2016-04-16,4,3.155684061474995,74.45465064652649,347759.9817335934,5.335454175507351,19.46
2016-04-16,5,2.990270991731565,73.09330168679213,366173.1913811292,5.114780457648834,19.54
2016-04-16,6,3.117664641712521,71.65635533408002,385608.88515407534,5.398803825818376,21.14
2016-04-16,7,3.1827817635022937,70.1672647098726,405749.8662823104,5.5947169800653,21.64
2016-04-16,8,2.760890531930195,68.77119940271658,423361.1647766216,4.892027359530886,20.02
2016-04-16,9,2.602808356935197,67.3754403188137,440098.5586853542,4.649276085759055,19.55
2016-04-16,10,0.0,67.37544031881399,440098.5586853542,0.0,18.65
2016-04-16,11,0.0,67.37544031881387,440098.5586853542,0.0,15.98
2016-04-16,12,0.0,67.37544031881397,440098.5586853542,0.0,16.31
2016-04-16,13,-5.0938412485641305,70.01348369018017,407829.8609885784,-8.963527137993282,15.39
2016-04-16,14,-5.183841680484758,72.34457546869025,376300.2315920169,-8.75823038793375,14.84
2016-04-16,15,-5.183633135418622,74.57067038568802,346088.0916301713,-8.39226110051267,15.5
2016-04-16,16,0.0,74.57067038571554,346088.0916301713,0.0,18.47
2016-04-16,17,3.0797047049877815,73.17768449185851,365031.8555505486,5.2621566445492505,22.05
2016-04-16,18,3.4116209865842118,71.59647133648588,386418.8576606643,5.940833919476589,23.7
2016-04-16,19,3.46003158101967,69.96390301312118,408500.4739551349,6.133782304019618,24.31
2016-04-16,20,3.404446021125532,68.1753953276544,430505.81288370164,6.112594146824094,23.94
2016-04-16,21,2.793926726866351,66.67000453002427,448557.8671795302,5.014459526619035,21.68
2016-04-16,22,0.0,66.67000453002399,448557.8671795302,0.0,19.33
2016-04-16,23,0.0,66.67000453002493,448557.86717953015,0.0,17.74
2017-07-28,0,3.2355025333814567,75.65060837957735,329912.31265181815,5.384392403282825,28.1
2017-07-28,1,0.0,75.65060837957546,329912.31265216775,0.0,26.8
2017-07-28,2,0.0,75.6506083795773,329912.3126521706,0.0,26.34
2017-07-28,3,3.1439724729068192,74.35826388058621,349063.7023688685,5.319830476860531,27.48
2017-07-28,4,3.6633861542377795,72.66722809412295,371936.13156064786,6.353452553272035,32.13
2017-07-28,5,4.533428129463541,70.43516975936795,402126.265100269,8.386148205450326,38.0
2017-07-28,6,4.597894057748911,67.92147277624878,433550.7522390443,8.729024205215353,38.8
2017-07-28,7,4.325854198801598,65.44667307856889,463227.57674481714,8.243562362714684,37.05
2017-07-28,8,4.028441158955858,62.89619338791315,490854.28653694433,7.674086053368654,35.5
2017-07-28,9,2.9903818716751163,60.95092738329741,510991.56578678545,5.593688680511434,29.13
2017-07-28,10,-5.043527651431212,64.36447244083612,475654.74815235066,-9.81578267623189,23.69
2017-07-28,11,-5.298186547097703,67.35246296810371,440374.09403687203,-9.800181698744069,21.72
2017-07-28,12,-5.4993843430431975,70.18389938100624,405524.8685422078,-9.680340415184503,21.52
2017-07-28,13,-5.260900784064817,72.54381607414483,373605.32927880564,-8.866538684278382,24.31
2017-07-28,14,0.0,72.5438186804388,373605.32927880634,0.0,26.52
2017-07-28,15,0.0,72.5438186804388,373605.32927880576,0.0,28.87
2017-07-28,16,3.5297855388297386,70.89119490577124,395958.20943032065,6.209133375420805,34.15
2017-07-28,17,3.7427367100989293,69.02798874878488,420281.8479473205,6.756566254722173,36.96
2017-07-28,18,3.9225092463727407,66.85240457735338,446370.59755949536,7.246874892270796,36.94
2017-07-28,19,3.7903952689446516,64.72806244283035,471844.8728212495,7.076187572709472,36.3
2017-07-28,20,3.7544785031080172,62.266246762557664,497375.45694612165,7.091828923575605,35.95
2017-07-28,21,3.184871849946189,60.1797105298577,518975.1572868928,5.9999167613253235,32.24
2017-07-28,22,-4.869387479566059,63.51514787248413,484446.9061225582,-9.591180878981817,27.77
2017-07-28,23,-5.329502319187548,66.67000453093966,448557.8671685609,-9.969177487221486,23.35
2017-12-04,0,-6.385998726185653,79.21909253774649,276462.01146927156,-9.462913480757898,48.33
2017-12-04,1,-6.806372497118949,81.38985962994475,241754.73729072226,-9.640909494041487,45.67
2017-12-04,2,-7.651194252695113,83.69231491781886,204730.53769355078,-10.284499888103184,45.68
2017-12-04,3,-7.969072613459647,85.98507847829126,167545.81848864755,-10.329088668028675,42.0
2017-12-04,4,-7.973625890813425,88.20210077807386,131479.17242711075,-10.018512794871334,50.76
2017-12-04,5,-8.629602523833482,90.66851706569612,93680.64063529488,-10.499592164393295,51.39
2017-12-04,6,0.0,90.66851706569612,93680.64063529488,0.0,65.26
2017-12-04,7,7.247079373966704,88.21876339402684,131208.10403411623,10.424295388561486,94.67
2017-12-04,8,7.446612033904216,85.62582130980587,173390.23473204693,11.717258527202972,99.62
2017-12-04,9,4.559515114940812,84.1115114074466,197989.72731424824,6.833192383944812,81.95
2017-12-04,10,6.384853874864752,81.71382984768275,236545.1950823512,10.709852157806374,94.13
2017-12-04,11,6.577014326310664,79.02786572515403,279326.2894859839,11.88363733434241,99.56
2017-12-04,12,5.577302254243808,76.61994476632604,315393.1724448157,10.018578599675507,87.3
2017-12-04,13,5.575491739607568,74.05736659509404,353133.54637306446,10.483437202291327,89.4
2017-12-04,14,5.193528356714037,71.43526787623652,388599.2460117176,9.8515832329592,89.2
2017-12-04,15,5.069313757903604,68.71283591781935,424061.03673008323,9.850497421768225,89.4
2017-12-04,16,5.006910209609332,65.71771815250045,459977.3108345063,9.976742806784188,141.81
2017-12-04,17,4.661557186338172,62.65204798259255,493381.66541101155,9.278987382362573,112.65
2017-12-04,18,4.32684670879214,59.636654076963865,524259.82468106784,8.577266463904522,98.42
2017-12-04,19,3.9628324150918592,56.22969896071243,552499.0738519845,7.844235880810174,71.64
2017-12-04,20,-4.6406487823192,60.28877341983007,517846.1446655055,-9.625813662910815,49.85
2017-12-04,21,-4.876647182310512,63.62349036374019,483325.35102630366,-9.589109344222749,51.68
2017-12-04,22,-5.160133721073329,66.67000453002412,448557.86717953865,-9.657634401879164,48.82
2017-12-04,23,0.0,66.67000453002412,448557.86717953987,0.0,51.76
2018-04-22,0,0.0,76.9447232272485,310528.5,0.0,18.67
2018-04-22,1,-5.3552233040575326,78.87074281259963,281679.7445179946,-8.013543189445954,14.34
2018-04-22,2,0.0,78.87074281260075,281679.7445179829,0.0,17.66
2018-04-22,3,0.0,78.87074281260033,281679.74451798876,0.0,15.23
2018-04-22,4,4.825893031052985,76.86361371295774,311743.39343249094,8.35101358736172,27.74
2018-04-22,5,3.9157362902963295,75.26534080772085,335683.0171971803,6.649895490191483,24.83
2018-04-22,6,3.1258560939362243,73.93491309186231,354789.8147408733,5.307443762136941,20.68
2018-04-22,7,0.0,73.93491309186278,354789.8147408675,0.0,15.96
2018-04-22,8,0.0,73.93491309186278,354789.8147408675,0.0,15.68
2018-04-22,9,-5.343081747506867,76.01905845474487,324393.50785528263,-8.443418579329148,13.99
2018-04-22,10,-5.4828019910674755,78.02853269120756,294294.7324658495,-8.360770941509202,13.83
2018-04-22,11,-7.208137261243592,80.42485635563715,257272.2911073121,-10.284011488482605,4.0
2018-04-22,12,-7.520338498220167,82.72727934990289,220248.61080145233,-10.284355640516601,2.42
2018-04-22,13,-7.834988295070273,85.0255730840062,183155.10733252662,-10.303750963590481,3.03
2018-04-22,14,-8.155495686338027,87.31911922366677,145843.56704992804,-10.36431674516627,6.05
2018-04-22,15,4.073244642223341,86.04773162576626,166526.57348834374,5.745279566226586,22.29
2018-04-22,16,7.1585722113336825,83.40766922962489,209307.72919415982,11.883654362726688,32.7
2018-04-22,17,6.817473232524473,80.73375516087228,252305.1019155909,11.943714644841968,35.0
2018-04-22,18,6.471767281197956,77.98010054900735,295020.17006702075,11.865296708730511,36.96
2018-04-22,19,6.12550912656344,75.17970175084818,336965.756076939,11.651551669421735,33.71
2018-04-22,20,5.77362927653907,72.26105760258362,377429.86852463766,11.240031235471847,32.34
2018-04-22,21,4.882219721712593,69.79079305517575,410841.9059267081,9.281121500575125,24.1
2018-04-22,22,3.318515586604179,68.02893090421098,432262.1566374826,5.950069641881797,18.49
2018-04-22,23,2.52291145697189,66.67000453002412,448557.8671795398,4.526586261682567,16.08
2019-02-28,0,0.0,76.94472322725352,310528.499999952,0.0,36.66
2019-02-28,1,-5.5397649604563615,78.94222687024441,280609.0253438336,-8.310965182255106,34.8
2019-02-28,2,-6.0437625558367785,80.9305213327549,249141.04046340781,-8.741106911229394,30.89
2019-02-28,3,-5.86339315725397,82.76743485342925,219602.89777270667,-8.20503963630587,34.0
2019-02-28,4,-6.067663737422185,84.60235761148454,190040.00093773886,-8.211915787491058,33.51
2019-02-28,5,0.0,84.60235761148454,190040.00093773886,0.0,42.45
2019-02-28,6,4.037607753949688,83.25598793229143,211746.81179316045,6.029669682061552,49.34
2019-02-28,7,4.195843806899599,81.80802328093388,235030.53527905451,6.467700968303909,53.39
2019-02-28,8,4.319222420871799,80.26413752053604,259856.70013412138,6.896156904185233,54.15
2019-02-28,9,0.0,80.26413752053604,259856.70013412138,0.0,42.6
2019-02-28,10,0.0,80.26413752053374,259856.7001341589,0.0,38.89
2019-02-28,11,0.0,80.26413752053372,259856.7001341589,0.0,38.0
2019-02-28,12,0.0,80.26413752053374,259856.7001341589,0.0,37.08
2019-02-28,13,0.0,80.26413752053372,259856.7001341589,0.0,38.05
2019-02-28,14,3.7917251202363738,78.86437387199354,281775.14126869914,6.088455870705616,48.95
2019-02-28,15,4.0162771505424075,77.2670882562658,305699.97698353784,6.645787698566309,52.45
2019-02-28,16,4.773134305077994,75.23703545188077,336106.987075614,8.446391692243381,59.39
2019-02-28,17,4.333164174159174,73.26975916319739,363786.4819059375,7.6887485639787485,55.46
2019-02-28,18,3.8303347126590297,71.46736007795127,388165.1767760439,6.771859686140672,50.97
2019-02-28,19,3.708868699003869,69.6970804531877,412109.43371677876,6.651182483537454,49.9
2019-02-28,20,2.967461353896769,68.1236432877799,431126.4029890769,5.2824914645272685,44.2
2019-02-28,21,2.69838910515305,66.67000559270464,448557.8671795401,4.842073386239775,43.21
2019-02-28,22,0.0,66.67000453002412,448557.86717953935,0.0,41.44
2019-02-28,23,0.0,66.6700045300241,448557.86717954004,0.0,39.4
2019-03-19,0,0.0,76.94472322725352,310528.5,0.0,38.49
2019-03-19,1,0.0,76.94472322725377,310528.5,0.0,37.45
2019-03-19,2,-5.68913615986089,78.99557184875115,279810.00115278043,-8.53291634644988,36.47
2019-03-19,3,-5.748418884627702,80.88734136505593,249835.3878199412,-8.326281481344239,36.42
2019-03-19,4,0.0,80.88734136505592,249835.3878199412,0.0,40.29
2019-03-19,5,3.494365400434143,79.65119314197163,269713.03703388356,5.521569226095096,46.96
2019-03-19,6,3.6721385674084672,78.24436262975867,291061.9331624011,5.930248924588199,51.27
2019-03-19,7,3.8005172096707884,76.73251533774821,313707.0179111098,6.290301319085756,54.38
2019-03-19,8,3.5385712081783702,75.30605959496634,335073.11356707,5.935026571100053,49.69
2019-03-19,9,3.099528531243704,73.99248956474557,354011.05310278473,5.260538759920763,46.31
2019-03-19,10,2.93643768601048,72.65025402306219,372165.71761763206,5.042962365235368,44.55
2019-03-19,11,0.0,72.65025402306236,372165.71761763206,0.0,43.31
2019-03-19,12,0.0,72.65025402306213,372165.71761763206,0.0,42.89
2019-03-19,13,0.0,72.65025402304767,372165.71761763206,0.0,42.48
2019-03-19,14,0.0,72.65025402306217,372165.71761763206,0.0,43.74
2019-03-19,15,2.780092423658616,71.36353333083568,389569.50537775265,4.834385488922393,44.61
2019-03-19,16,3.162983525459432,69.87983775798611,409637.5147031533,5.574447034833511,48.96
2019-03-19,17,4.360477887318977,67.45513612633337,439142.877910133,8.195934224161022,61.5
2019-03-19,18,4.151077456553669,65.09719932974977,467418.3284742542,7.8542918233670065,60.73
2019-03-19,19,3.5307354514258824,62.865700679026176,491169.9452656139,6.597671330933252,52.55
2019-03-19,20,2.294756532997706,61.38968821879344,506449.5394277657,4.244331711708838,46.46
2019-03-19,21,2.069594481050503,60.04703868342934,520348.5684367212,3.860841391376539,44.72
2019-03-19,22,-5.060221666190006,63.51514787076114,484446.9061403938,-9.97268397120206,41.08
2019-03-19,23,-5.32950232008251,66.67000453002409,448557.86717954016,-9.969177489126025,38.28
2019-03-20,0,0.0,76.94472322725177,310528.5,0.0,36.3
2019-03-20,1,-5.539764558575125,78.9422268702449,280609.0253438259,-8.310965182270579,35.05
2019-03-20,2,-5.746832788865287,80.83880442715744,250615.87692913393,-8.331430115192234,34.33
2019-03-20,3,-5.806370417566339,82.66074623855428,221318.4839961078,-8.138164703618365,34.69
2019-03-20,4,0.0,82.66074623855428,221318.48399610858,0.0,37.2
2019-03-20,5,3.7632567488957847,81.36676090357467,242126.17201958335,5.7799133398541045,47.61
2019-03-20,6,3.9178907406275125,79.97934662614412,264436.2265956999,6.197237382254599,50.57
2019-03-20,7,4.437228214362858,78.24918680822935,290989.67953882914,7.375959150869235,56.23
2019-03-20,8,3.6453679005224977,76.80717291803495,312588.7881026586,5.999752378841507,48.15
2019-03-20,9,3.2957240536435197,75.48587863419581,332379.7061197781,5.497477226977637,45.35
2019-03-20,10,0.0,75.48587863419584,332379.70611993637,0.0,39.86
2019-03-20,11,0.0,75.48587863419584,332379.7061200842,0.0,37.59
2019-03-20,12,0.0,75.48587863419586,332379.7061200845,0.0,37.47
2019-03-20,13,0.0,75.4858786341976,332379.7061202038,0.0,38.16
2019-03-20,14,0.0,75.4858786341976,332379.70612030674,0.0,40.36
2019-03-20,15,0.0,75.4858786341976,332379.70612018905,0.0,42.1
2019-03-20,16,3.4227728912478805,74.04281002886263,353330.43400536594,5.81964663477136,45.49
2019-03-20,17,3.933579928665062,72.19877123540915,378272.3347422159,6.928305760236114,53.2
2019-03-20,18,4.344113579563906,70.07331518530479,407020.59861422156,7.985628853334887,55.55
2019-03-20,19,3.6834821406745797,68.12941319972585,431057.21247463254,6.676837183447503,50.0
2019-03-20,20,2.9402149253099097,66.54136900535312,450100.4137922806,5.289778143791125,44.24
2019-03-20,21,2.746370778553895,65.04459776445063,468049.10575436294,4.985747767245101,43.4
2019-03-20,22,2.43781267749851,63.549623585287996,484090.0155716389,4.4558082825766405,42.03
2019-03-20,23,-5.273046120413265,66.67000453002412,448557.86717953987,-9.870041220027503,35.47
2019-06-02,0,5.41041259411854,74.53542053589605,346616.07914702,10.024327540838888,26.69
2019-06-02,1,3.3653033190439476,73.00302439024323,367394.2542879398,5.7717153169221636,18.91
2019-06-02,2,3.273832552201214,71.48912228148225,387870.8279140606,5.687937118366889,18.69
2019-06-02,3,2.6448423287124436,70.2504260290785,404625.05189324875,4.653951105330037,16.37
2019-06-02,4,0.0,70.25042602907845,404625.05189324875,0.0,13.85
2019-06-02,5,0.0,70.25042602907851,404625.05189324875,0.0,16.3
2019-06-02,6,-5.055843590582562,72.5103671756981,374057.7840285308,-8.490907740199418,12.96
2019-06-02,7,-5.33779624841185,74.77765460248635,342987.7923893819,-8.630553233096919,11.28
2019-06-02,8,-5.3463192209844514,76.77944351623456,313004.1310919677,-8.328794804837287,11.76
2019-06-02,9,-5.524004483062078,78.77701589620062,283083.6268636647,-8.311251174528607,11.9
2019-06-02,10,-6.078484862272607,80.79193776803052,251369.50743440582,-8.809477619238578,8.91
2019-06-02,11,-7.5701152362380775,83.09437304658967,214345.62959327584,-10.284410511425001,3.5
2019-06-02,12,-7.88599315929053,85.39056313608701,177217.42820927722,-10.313389273332945,-9.02
2019-06-02,13,-8.206800358792739,87.68625469904455,139870.98605767483,-10.374011708778447,-0.48
2019-06-02,14,-8.546196839732685,90.08876302444277,102194.1221958331,-10.465795517178258,3.5
2019-06-02,15,3.7027101278580257,88.92032133548048,119795.1191631261,4.88916582424806,16.3
2019-06-02,16,7.5411030132915995,86.3449458068319,161691.47612643358,11.637876934252077,27.89
2019-06-02,17,7.197115849682341,83.70987694153752,204448.1348712728,11.87684965134423,37.41
2019-06-02,18,6.856223166184953,81.03748894989982,247420.96754395834,11.936897964634866,38.13
2019-06-02,19,6.5113647966406605,78.30030176314384,290224.05760693434,11.889747239715561,37.14
2019-06-02,20,6.164390391992854,75.49413600914532,332256.06109738065,11.675556525123966,37.12
2019-06-02,21,5.813574083945039,72.59498612330961,372913.2542066095,11.293664752563572,29.85
2019-06-02,22,5.468730294491871,69.71230540012436,411903.50577387377,10.830625435351195,26.64
2019-06-02,23,5.116894821867061,66.67000453002412,448557.8671795398,10.181767057129449,23.34
2020-02-03,0,-6.552158313744403,79.26835241706577,275724.17566305166,-9.667867871374531,15.55
2020-02-03,1,-7.364738246566579,81.57975796200112,238701.11284630813,-10.28418411576211,14.38
2020-02-03,2,-7.676944724401936,83.88221960477841,201676.811060321,-10.284528273885314,9.26
2020-02-03,3,-7.995458418663716,86.17389490909548,164474.14195156892,-10.334074752431128,8.95
2020-02-03,4,-8.31690905849817,88.47419092152973,127052.7943515197,-10.39481877779145,8.99
2020-02-03,5,0.0,88.47419092152973,127052.79435151938,0.0,25.67
2020-02-03,6,5.9225162152322275,86.57879954353226,157887.13011125597,8.5650932665935,36.49
2020-02-03,7,7.093130969422762,84.01575313027742,199529.55029611322,11.567338940238123,39.97
2020-02-03,8,5.905248461336506,81.85347806828256,234299.60811260296,9.658349393469372,39.26
2020-02-03,9,4.663161243675473,80.16288105897698,261484.9356368377,7.5514798678429855,35.52
2020-02-03,10,3.9320833651851523,78.69026221742295,284383.0610362241,6.36059038871845,32.97
2020-02-03,11,3.347261452655763,77.3811147530001,303992.0387321412,5.446938248865848,29.08
2020-02-03,12,3.2634426978149973,76.08324169276335,323432.14351936954,5.400029107563441,28.38
2020-02-03,13,3.2005283824114406,74.78825282171529,342829.0476718278,5.388028931238395,28.73
2020-02-03,14,3.0933558776440093,73.4152385728292,361818.7722203694,5.274923485706012,28.29
2020-02-03,15,3.156979000606208,71.96385910200804,381449.68390331464,5.453031023040339,28.97
2020-02-03,16,4.04670999634301,70.01128859218046,407859.5512080113,7.336074251304623,35.52
2020-02-03,17,4.4958493455828865,67.50898546059054,438497.1378754951,8.510440740967724,37.99
2020-02-03,18,4.156061713182204,65.14852087985254,466802.9006328882,7.862711877053641,36.57
2020-02-03,19,3.369406865857849,63.04183803732016,489346.5816938047,6.262133628032359,31.0
2020-02-03,20,2.273650608596013,61.58104249425286,504468.6512245886,4.200574869662205,27.16
2020-02-03,21,2.109092075551037,60.21441548224425,518615.8936613008,3.9297895657533957,27.13
2020-02-03,22,-4.871697685496584,63.54962358528779,484090.0155716416,-9.590521691572008,24.76
2020-02-03,23,-5.273046120413763,66.67000453002412,448557.867179539,-9.870041220028511,20.79
2021-04-18,0,3.6221343140399265,75.48524910346853,332389.1355042077,6.072398751168804,62.5
2021-04-18,1,3.719626253593706,73.89170824488428,355374.1901935738,6.384737413712814,62.1
2021-04-18,2,3.502747332450733,72.27553943941413,377233.99166021886,6.072167074068062,61.02
2021-04-18,3,3.5100316924755592,70.62859516687193,399510.0526153287,6.187794709752723,60.57
2021-04-18,4,3.3852059953198026,68.94687531662856,421254.52831956226,6.040132140064884,60.54
2021-04-18,5,3.5189397985353477,67.02719467580678,444274.58345297707,6.394459759281887,62.62
2021-04-18,6,3.621338865029562,65.01521208334282,468401.4872832746,6.7019177306382005,64.52
2021-04-18,7,3.6188134933887817,62.70484567782424,492835.10677578737,6.787116525697996,63.57
2021-04-18,8,3.4120427861521283,60.464348711964924,516028.5995695124,6.442636887145852,59.86
2021-04-18,9,-4.888334022710312,63.79790592214489,481519.8114256634,-9.585774484402492,53.79
2021-04-18,10,-5.157233437794062,66.81163466102092,446859.4943592026,-9.627865851794681,52.67
2021-04-18,11,-5.516409060314881,69.73247044475443,411630.75959131937,-9.785759657745345,48.65
2021-04-18,12,-5.654074526377686,72.2821535563064,377144.52207505994,-9.579510421183173,47.19
2021-04-18,13,-5.942658479742484,74.80383068542324,342595.7156826507,-9.596890664558131,46.51
2021-04-18,14,-5.667213218084681,76.92685904224413,310796.0774997561,-8.833232828581814,49.54
2021-04-18,15,0.0,76.92685904224413,310796.0774997557,0.0,54.55
2021-04-18,16,3.3114625665498476,75.60121573630464,330652.1370540324,5.515572098410189,64.99
2021-04-18,17,4.06699701909182,73.83443830487894,356148.80576237245,7.082407974538896,76.08
2021-04-18,18,4.405717968765832,71.71002907985486,384882.910600775,7.981695788445151,80.93
2021-04-18,19,4.29950180053711,69.6,413422.5140248472,7.927667617797837,80.41
2021-04-18,20,4.091993998116543,67.32002344384867,440763.0960515681,7.594606118533591,77.87
2021-04-18,21,3.6106360186687767,65.31937287843589,464754.11067095015,6.66417072760612,72.5
2021-04-18,22,2.680144723944243,63.71306846031608,482398.04383996606,4.90109254694886,64.37
2021-04-18,23,-5.028425751634263,66.67000453002412,448557.8671795398,-9.400049072340622,59.71
2022-11-09,0,-7.071241850812022,79.41527950756453,273506.6019006884,-10.283860583142125,36.08
2022-11-09,1,-7.383438506615885,81.71766871659156,236483.46487223357,-10.284204730126337,19.63
2022-11-09,2,-7.69564561000756,84.02013497452002,199459.08887317663,-10.284548888626922,22.49
2022-11-09,3,-8.014620705486424,86.31101994947534,162243.38392173825,-10.337695819844,44.88
2022-11-09,4,-8.336183981862142,88.61212198733092,124808.92385389835,-10.398461129955521,79.0
2022-11-09,5,0.0,88.61212198732639,124808.92385389845,0.0,117.91
2022-11-09,6,5.856679664906636,86.7460023521238,155167.06522126505,8.432817046490726,149.09
2022-11-09,7,5.103797703331677,85.07596449013307,182335.33704410092,7.54674217300996,161.51
2022-11-09,8,4.464941297075953,83.57843835405185,206561.70837841817,6.729547592865906,148.37
2022-11-09,9,3.6732373587790157,82.33830926654986,226503.37113454516,5.539350765590832,130.41
2022-11-09,10,0.0,82.3383092665518,226503.37113454516,0.0,112.8
2022-11-09,11,-6.066395114990239,84.19003418131615,196727.05660442798,-8.271198480588104,107.2
2022-11-09,12,0.0,84.19003418131615,196727.05660442798,0.0,111.69
2022-11-09,13,3.9789537874805996,82.85208834788803,218241.643162489,5.976274043905832,134.67
2022-11-09,14,4.336850782581002,81.33244914393738,242677.91582283168,6.787853516761864,149.07
2022-11-09,15,4.246353175386233,79.80518945995044,267236.72818041634,6.821892321551289,145.74
2022-11-09,16,6.233433189290061,77.07699226974705,308547.31699757767,11.4751635603226,193.3
2022-11-09,17,6.014668391184587,74.2759838971779,350176.59608130256,11.56368863436802,200.91
2022-11-09,18,5.2283532044999355,71.63744100159357,385864.7145894835,9.913366252272482,170.96
2022-11-09,19,4.254996450873592,69.54667029083663,414062.02291975595,7.832585647297904,145.54
2022-11-09,20,3.9390491556461793,67.36856604626095,440180.9922577977,7.255269260567147,140.92
2022-11-09,21,3.398669042232516,65.50037426986239,462583.61318232643,6.222950256813547,128.25
2022-11-09,22,3.0530597747472017,63.6743600838074,482798.7506765698,5.615315970623158,120.92
2022-11-09,23,-5.084881540983862,66.6700045300241,448557.86717954,-9.511356526952738,114.54
2023-05-20,0,4.624585128579994,74.98441441580678,339890.8543606322,8.156209544620053,68.03
2023-05-20,1,4.012645368099674,73.16809789604406,365161.5208927676,7.01962959225982,62.2
2023-05-20,2,3.863977279001114,71.34545675336896,389814.003596903,6.847911862259849,61.61
2023-05-20,3,3.720629175278596,69.56236065361696,413873.8702611387,6.68329629562102,59.37
2023-05-20,4,3.9395494957504873,67.38418017563282,439993.7537602284,7.255523194191582,62.08
2023-05-20,5,4.107038868781103,65.05552082805428,467918.1206722432,7.756768586670773,62.46
2023-05-20,6,3.7696573707792513,62.63917529000771,493514.9227674158,7.110222804214629,59.76
2023-05-20,7,-5.280736455324613,65.925440237878,457486.3892946758,-10.007925964650013,40.04
2023-05-20,8,-5.7287699170814275,69.00166607514394,420597.4990955318,-10.246913944206653,7.61
2023-05-20,9,-6.083034623878336,71.80828491094013,383553.9324932934,-10.2898796117329,6.32
2023-05-20,10,-6.431573698673154,74.54785837636643,346429.7797857965,-10.312264640971364,20.12
2023-05-20,11,-6.756804620242711,77.02288292260094,309357.79023314733,-10.297774875735882,10.05
2023-05-20,12,-7.081114161333519,79.48808586469323,272335.85295630735,-10.283871465788877,0.03
2023-05-20,13,-7.393311147511887,81.79047751015408,235312.67674901406,-10.284215613137022,0.0
2023-05-20,14,-7.705518581289142,84.09294620461166,198288.26156980687,-10.284559772002005,1.32
2023-05-20,15,-8.024737269561552,86.38341393199626,161065.67445764178,-10.339607531156965,25.94
2023-05-20,16,4.6325491953632,84.8828557021825,185476.8418936769,6.780879843343087,53.68
2023-05-20,17,7.007479584344658,82.22323677426792,228353.77272318807,11.910258563753104,78.44
2023-05-20,18,6.665616979673885,79.54333655468704,271447.40461814206,11.970453304153878,87.69
2023-05-20,19,6.316595378244294,76.72513166328083,313817.63754722616,11.769509146967806,81.06
2023-05-20,20,5.969966660820347,73.90230723514897,355230.8315158487,11.50366499128404,78.6
2023-05-20,21,5.618708817408891,70.96602585707907,394946.06903161196,11.032010421045356,73.02
2023-05-20,22,4.755171369562536,68.41624875976228,427617.5932661813,9.07542339849148,52.2
2023-05-20,23,3.2197879326080896,66.67000453002412,448557.8671795398,5.816742753710699,40.04
2023-11-28,0,-7.071241850812267,79.41527950757843,273506.6019006873,-10.283860583142417,70.49
2023-11-28,1,-7.383438506615893,81.71766871659159,236483.46487223302,-10.284204730126202,67.47
2023-11-28,2,-7.695645610007595,84.02013497451998,199459.088873176,-10.284548888626944,64.49
2023-11-28,3,-8.014620705485562,86.31101994947531,162243.38392173857,-10.33769581984373,68.29
2023-11-28,4,-8.336183981862108,88.61212198732841,124808.92385389756,-10.398461129955834,80.11
2023-11-28,5,-8.695897685983795,91.12933563683328,86913.68408308623,-10.526455491892037,97.62
2023-11-28,6,3.766528479693191,89.93670206046644,104427.08328065877,4.864833110436816,118.38
2023-11-28,7,4.06091007549031,88.6656378187763,123938.32523533142,5.419789431853513,127.87
2023-11-28,8,5.892308946676401,86.78845499524932,154476.44318551122,8.48281054171661,138.37
2023-11-28,9,4.882451223547264,85.21140675427468,180131.95451472886,7.126530924782678,139.25
2023-11-28,10,4.124513897944299,83.85443604338428,202123.5793984483,6.108784689922068,138.51
2023-11-28,11,4.055607944824223,82.47830944933624,224252.1245030263,6.146818084605002,135.62
2023-11-28,12,4.081427637946347,81.05526965995782,247135.04842955153,6.356367757368119,137.73
2023-11-28,13,4.254985369217641,79.51569216184747,271891.9350824796,6.8769129591466935,143.98
2023-11-28,14,4.395894541364056,77.75868268711336,298336.66269550496,7.3457576702848115,150.0
2023-11-28,15,5.159430473290821,75.53426800978822,331654.90909593634,9.255068444564273,164.01
2023-11-28,16,5.818674743049392,72.63760767288541,372336.7682539683,11.300516432786651,189.98
2023-11-28,17,5.227030182646233,69.93977869921531,408826.77199449623,10.136112150146658,177.0
2023-11-28,18,4.895221419599949,67.12113114021123,443148.134321989,9.53371175763688,161.68
2023-11-28,19,4.115627072441051,64.7820613953375,471197.3386234113,7.791445639283978,140.69
2023-11-28,20,3.756981432204534,62.327743979074235,496738.8413783053,7.094861876359431,130.28
2023-11-28,21,3.3705368905115662,60.111539988680676,519680.8547190377,6.372781483536784,119.44
2023-11-28,22,-4.9648046407734805,63.51514787076101,484446.90614039527,-9.787207938511784,109.32
2023-11-28,23,-5.329502320083236,66.67000453002412,448557.86717953987,-9.969177489126508,98.42
2023-12-06,0,-6.216000410144744,79.16757187991756,277233.7101951182,-9.248552723578266,93.1
2023-12-06,1,-6.260888053048203,81.19621176212829,244868.65544034788,-8.990292987436225,92.57
2023-12-06,2,-6.424527982471259,83.18519306163998,212885.2154074493,-8.884288898027378,90.96
2023-12-06,3,-7.898611906429053,85.4808627035276,175748.42966167073,-10.315773818271822,90.59
2023-12-06,4,-8.219493279337417,87.77708505026092,138393.35268913157,-10.37641027014977,93.89
2023-12-06,5,0.0,87.7770850502609,138393.3526891091,0.0,106.84
2023-12-06,6,4.142158230759247,86.49477595648816,159254.03064944208,5.7946327667591575,133.5
2023-12-06,7,7.0496624815575615,83.94683106878178,200637.83855469918,11.495502195904749,167.0
2023-12-06,8,5.873200911624744,81.79612899428763,235221.7991204022,9.606655712695286,166.54
2023-12-06,9,4.633835026804746,80.11638232060126,262232.6498616639,7.503014094794906,150.0
2023-12-06,10,4.116415570541777,78.55574540324221,286397.9121364084,6.712572854095697,146.29
2023-12-06,11,3.6669531239603104,77.11058712576867,308044.11869461427,6.012835155057189,133.01
2023-12-06,12,3.5651938268524472,75.68025191106156,329468.29899904097,5.951161195674089,126.73
2023-12-06,13,3.7700603351679325,74.08531202359119,352755.5651146844,6.468685032123176,135.67
2023-12-06,14,3.9369618889093356,72.2402335249507,377711.5285846769,6.932212074997921,143.99
2023-12-06,15,4.894628303586157,69.76111438431413,411243.3304874549,9.31438941743832,164.0
2023-12-06,16,4.991232231785704,66.83273624892331,446606.4524174413,9.823089424996226,178.07
2023-12-06,17,4.5920572819007655,64.0431508074723,478981.0507992422,8.99294399494471,165.28
2023-12-06,18,4.188559897086125,61.21593210998124,508248.2524449832,8.12977823492804,149.93
2023-12-06,19,3.6448458715435397,58.52727392715046,533455.1505385995,7.001916137115643,129.91
2023-12-06,20,3.1647059621370857,55.86451334699997,555525.9900241608,6.130788745989264,115.68
2023-12-06,21,-4.64593559919517,60.01528829811019,520677.24655783403,-9.680206518424114,107.33
2023-12-06,22,-5.056350809264661,63.48244714351905,484785.4221451893,-9.969951225734661,100.44
2023-12-06,23,-5.385958519693723,66.67000453002412,448557.8671795191,-10.06320971268616,99.2
