SI_Penalty_Factor,Volume_Penalty_Factor,Date,Training_Time_Seconds,Epochs_Trained,Optimized_Profit,Simulated_Profit,SI_Penalty,Volume_Penalty,Operating_Cost,Timestamp
0.0,0.0,2018-12-03,47.03,24,2651.22,2263.71,-4.69,403.23,246.85,20250827_033506
0.0,0.0,2019-06-02,49.50,26,1414.83,1366.86,34.09,0.00,324.02,20250827_033506
0.0,0.0,2020-09-23,45.59,27,1614.21,1595.15,14.57,0.00,200.73,20250827_033506
0.0,0.0,2021-06-03,66.55,36,1956.85,1584.55,-1.08,375.79,177.43,20250827_033506
0.0,0.0,2021-06-21,47.84,26,2317.24,1853.58,-2.44,471.38,170.01,20250827_033506
0.0,0.0,2021-07-06,37.68,23,4039.45,3947.17,65.87,0.00,340.32,20250827_033506
0.0,0.0,2021-07-18,90.04,47,4069.86,3949.09,85.72,0.00,307.39,20250827_033506
0.0,0.0,2021-07-31,59.62,31,4267.01,4213.31,56.65,0.00,450.24,20250827_033506
0.0,0.0,2021-08-08,66.64,35,5409.88,4845.61,211.46,-0.00,466.79,20250827_033506
0.0,0.0,2021-11-29,73.73,43,12284.22,10705.16,113.94,1443.43,343.64,20250827_033506
0.0,0.0,2023-05-18,52.30,29,3351.04,3366.75,-4.78,0.00,204.46,20250827_033506
0.0,0.0,2023-05-21,46.14,28,4848.84,4847.40,38.75,0.00,411.49,20250827_033506
0.0,0.0,2023-06-03,104.00,51,4470.16,4446.34,19.38,0.00,307.86,20250827_033506
0.0,0.0,2023-08-01,76.40,41,2780.72,2780.72,0.00,0.00,209.20,20250827_033506
0.0,0.0,2023-08-19,128.08,66,4867.30,4694.76,121.26,0.00,332.92,20250827_033506
0.0,0.0,2023-10-06,48.07,24,3918.45,3433.63,4.68,490.30,208.62,20250827_033506
0.0,0.0,2023-11-06,51.03,26,6020.52,5872.34,103.90,0.00,448.32,20250827_033506
0.0,0.0,2023-11-15,43.20,23,3094.11,2552.68,-3.62,552.78,176.65,20250827_033506
0.0,0.0,2023-11-16,109.80,62,3908.05,3273.92,-4.36,647.70,220.09,20250827_033506
0.0,0.0,2023-11-30,103.91,57,8569.06,7463.51,80.83,1016.53,340.53,20250827_033506
0.1,0.0,2018-12-03,50.76,25,2651.71,2264.15,-4.70,403.28,246.13,20250827_033506
0.1,0.0,2019-06-02,46.91,25,1414.64,1366.67,34.09,0.00,324.62,20250827_033506
0.1,0.0,2020-09-23,48.87,24,1614.21,1595.10,14.61,0.00,200.63,20250827_033506
0.1,0.0,2021-06-03,46.90,24,1956.96,1577.06,-0.57,381.76,179.87,20250827_033506
0.1,0.0,2021-06-21,51.52,26,2324.99,1862.85,0.00,462.15,168.49,20250827_033506
0.1,0.0,2021-07-06,44.03,21,4038.68,3952.12,64.13,0.00,342.10,20250827_033506
0.1,0.0,2021-07-18,94.86,56,4069.88,3949.11,85.72,0.00,307.02,20250827_033506
0.1,0.0,2021-07-31,46.90,22,4266.89,4213.20,56.64,0.00,449.85,20250827_033506
0.1,0.0,2021-08-08,120.04,57,5409.74,4845.55,211.42,-0.00,467.36,20250827_033506
0.1,0.0,2021-11-29,61.80,29,12285.95,10704.71,114.29,1444.43,343.51,20250827_033506
0.1,0.0,2023-05-18,98.01,45,3354.23,3369.88,-4.76,0.00,204.19,20250827_033506
0.1,0.0,2023-05-21,73.91,36,4848.49,4847.06,38.75,0.00,411.51,20250827_033506
0.1,0.0,2023-06-03,52.51,24,4469.29,4446.29,18.83,0.00,310.56,20250827_033506
0.1,0.0,2023-08-01,58.45,29,2776.66,2781.19,-1.41,0.00,217.76,20250827_033506
0.1,0.0,2023-08-19,51.06,31,4858.10,4691.32,119.42,0.00,326.38,20250827_033506
0.1,0.0,2023-10-06,47.40,22,3917.12,3431.07,6.54,488.63,208.82,20250827_033506
0.1,0.0,2023-11-06,52.35,31,6019.76,5872.59,103.22,0.00,448.16,20250827_033506
0.1,0.0,2023-11-15,44.16,22,3081.17,2548.48,-4.99,548.38,188.15,20250827_033506
0.1,0.0,2023-11-16,62.32,29,3896.50,3206.92,-4.19,702.61,224.05,20250827_033506
0.1,0.0,2023-11-30,64.81,37,8569.88,7489.06,55.04,1030.15,340.78,20250827_033506
0.2,0.0,2018-12-03,39.94,23,2653.23,2266.11,-4.70,402.86,246.14,20250827_033506
0.2,0.0,2019-06-02,58.73,28,1414.82,1366.85,34.09,0.00,325.02,20250827_033506
0.2,0.0,2020-09-23,88.24,41,1614.30,1595.13,14.65,0.00,200.79,20250827_033506
0.2,0.0,2021-06-03,52.89,26,1958.74,1584.14,-1.07,378.06,178.17,20250827_033506
0.2,0.0,2021-06-21,55.67,34,2377.00,1865.79,0.00,511.21,158.33,20250827_033506
0.2,0.0,2021-07-06,47.11,22,4041.61,3950.98,64.64,0.00,344.23,20250827_033506
0.2,0.0,2021-07-18,69.12,33,4069.87,3949.10,85.72,0.00,307.35,20250827_033506
0.2,0.0,2021-07-31,68.63,32,4266.81,4213.11,56.65,0.00,450.43,20250827_033506
0.2,0.0,2021-08-08,50.75,30,5409.67,4845.41,211.46,-0.00,467.23,20250827_033506
0.2,0.0,2021-11-29,55.84,26,12307.04,10702.07,105.46,1493.63,344.63,20250827_033506
0.2,0.0,2023-05-18,66.64,31,3350.84,3366.52,-4.77,0.00,204.54,20250827_033506
0.2,0.0,2023-05-21,59.18,29,4849.06,4847.63,38.75,0.00,411.48,20250827_033506
0.2,0.0,2023-06-03,57.34,33,4468.89,4445.95,18.79,0.00,311.62,20250827_033506
0.2,0.0,2023-08-01,36.98,23,2776.39,2776.39,0.00,0.00,213.57,20250827_033506
0.2,0.0,2023-08-19,75.10,37,4868.91,4696.37,121.25,0.00,329.43,20250827_033506
0.2,0.0,2023-10-06,46.92,22,3917.37,3432.22,4.96,490.44,209.14,20250827_033506
0.2,0.0,2023-11-06,45.54,27,6019.52,5872.54,103.09,0.00,448.20,20250827_033506
0.2,0.0,2023-11-15,51.50,26,3092.70,2560.42,-3.64,543.71,174.32,20250827_033506
0.2,0.0,2023-11-16,44.86,26,3899.97,3201.60,-4.09,711.10,227.22,20250827_033506
0.2,0.0,2023-11-30,79.66,37,8571.95,7462.95,81.41,1019.11,340.56,20250827_033506
0.3,0.0,2018-12-03,47.58,22,2653.13,2265.83,-4.70,403.03,246.34,20250827_033506
0.3,0.0,2019-06-02,75.12,36,1414.82,1366.84,34.09,0.00,324.24,20250827_033506
0.3,0.0,2020-09-23,44.37,26,1614.23,1595.13,14.60,0.00,200.38,20250827_033506
0.3,0.0,2021-06-03,48.11,24,1957.46,1582.01,-1.07,378.91,179.08,20250827_033506
0.3,0.0,2021-06-21,36.01,22,2324.23,1860.33,-1.64,469.16,169.31,20250827_033506
0.3,0.0,2021-07-06,43.98,21,4039.66,3947.77,65.58,0.00,341.40,20250827_033506
0.3,0.0,2021-07-18,51.70,25,4070.09,3949.33,85.72,0.00,307.14,20250827_033506
0.3,0.0,2021-07-31,70.10,33,4267.10,4213.39,56.65,0.00,450.74,20250827_033506
0.3,0.0,2021-08-08,55.69,33,5409.72,4845.47,211.45,-0.00,466.62,20250827_033506
0.3,0.0,2021-11-29,68.12,32,12296.29,10707.93,106.22,1475.34,344.39,20250827_033506
0.3,0.0,2023-05-18,73.47,42,3352.11,3367.86,-4.79,0.00,203.19,20250827_033506
0.3,0.0,2023-05-21,50.69,31,4848.77,4847.34,38.75,0.00,411.50,20250827_033506
0.3,0.0,2023-06-03,66.25,30,4469.80,4437.86,24.94,0.00,317.60,20250827_033506
0.3,0.0,2023-08-01,118.34,60,2780.37,2780.37,0.00,0.00,208.30,20250827_033506
0.3,0.0,2023-08-19,71.80,35,4868.49,4695.94,121.26,0.00,328.99,20250827_033506
0.3,0.0,2023-10-06,52.13,24,3917.64,3432.20,5.00,490.77,209.71,20250827_033506
0.3,0.0,2023-11-06,68.65,33,6020.97,5873.90,103.15,0.00,448.28,20250827_033506
0.3,0.0,2023-11-15,35.75,22,3092.40,2557.77,-3.63,546.00,175.66,20250827_033506
0.3,0.0,2023-11-16,97.29,47,3908.46,3291.07,-6.30,637.07,229.54,20250827_033506
0.3,0.0,2023-11-30,74.66,36,8568.77,7463.64,80.84,1016.09,340.53,20250827_033506
0.4,0.0,2018-12-03,36.47,21,2652.10,2265.49,-4.70,402.33,246.62,20250827_033506
0.4,0.0,2019-06-02,41.78,25,1414.80,1366.82,34.10,0.00,325.18,20250827_033506
0.4,0.0,2020-09-23,45.46,23,1614.11,1595.19,14.47,0.00,200.32,20250827_033506
0.4,0.0,2021-06-03,34.98,21,1956.47,1580.08,-1.07,379.84,178.78,20250827_033506
0.4,0.0,2021-06-21,110.14,57,2332.44,1870.70,-1.45,466.26,158.70,20250827_033506
0.4,0.0,2021-07-06,42.05,21,4042.47,3957.71,62.77,0.00,345.83,20250827_033506
0.4,0.0,2021-07-18,59.88,32,4069.88,3949.11,85.72,0.00,307.03,20250827_033506
0.4,0.0,2021-07-31,44.58,22,4266.77,4213.07,56.65,0.00,450.40,20250827_033506
0.4,0.0,2021-08-08,52.77,28,5409.79,4845.49,211.47,-0.00,466.85,20250827_033506
0.4,0.0,2021-11-29,47.70,24,12292.41,10703.82,113.60,1453.51,343.64,20250827_033506
0.4,0.0,2023-05-18,52.57,25,3352.17,3367.76,-4.74,0.00,206.12,20250827_033506
0.4,0.0,2023-05-21,75.43,38,4848.99,4847.56,38.75,0.00,411.50,20250827_033506
0.4,0.0,2023-06-03,147.52,69,4470.07,4446.46,19.25,0.00,308.06,20250827_033506
0.4,0.0,2023-08-01,58.65,30,2779.42,2779.42,0.00,0.00,210.78,20250827_033506
0.4,0.0,2023-08-19,45.77,23,4869.15,4696.60,121.26,0.00,329.76,20250827_033506
0.4,0.0,2023-10-06,50.09,24,3916.79,3431.48,5.05,490.67,210.20,20250827_033506
0.4,0.0,2023-11-06,38.16,21,6020.38,5871.49,104.38,0.00,448.31,20250827_033506
0.4,0.0,2023-11-15,50.37,31,3080.90,2552.48,-5.01,544.16,187.36,20250827_033506
0.4,0.0,2023-11-16,42.74,24,3897.34,3207.34,-6.13,709.15,233.04,20250827_033506
0.4,0.0,2023-11-30,71.28,33,8561.42,7442.64,85.69,1019.82,339.68,20250827_033506
0.5,0.0,2018-12-03,45.11,21,2653.06,2266.30,-4.70,402.49,246.28,20250827_033506
0.5,0.0,2019-06-02,49.55,24,1414.80,1366.82,34.09,0.00,324.93,20250827_033506
0.5,0.0,2020-09-23,50.34,29,1614.10,1595.23,14.44,0.00,200.46,20250827_033506
0.5,0.0,2021-06-03,53.85,27,1956.82,1587.83,-0.59,370.89,177.97,20250827_033506
0.5,0.0,2021-06-21,42.14,21,2324.54,1859.70,-1.03,468.03,165.31,20250827_033506
0.5,0.0,2021-07-06,174.98,82,4044.32,3961.37,61.40,0.00,351.01,20250827_033506
0.5,0.0,2021-07-18,44.52,26,4069.69,3948.91,85.72,0.00,307.37,20250827_033506
0.5,0.0,2021-07-31,38.87,22,4266.85,4213.15,56.65,0.00,450.29,20250827_033506
0.5,0.0,2021-08-08,105.15,50,5409.74,4845.47,211.46,-0.00,466.45,20250827_033506
0.5,0.0,2021-11-29,58.21,27,12298.68,10704.24,105.52,1482.86,344.47,20250827_033506
0.5,0.0,2023-05-18,62.55,36,3352.04,3367.75,-4.78,0.00,203.55,20250827_033506
0.5,0.0,2023-05-21,124.63,61,4848.61,4847.18,38.75,0.00,411.52,20250827_033506
0.5,0.0,2023-06-03,56.24,26,4470.31,4446.31,19.50,0.00,307.35,20250827_033506
0.5,0.0,2023-08-01,100.78,50,2781.86,2781.86,0.00,0.00,205.93,20250827_033506
0.5,0.0,2023-08-19,52.71,32,4868.84,4696.29,121.26,0.00,330.07,20250827_033506
0.5,0.0,2023-10-06,36.04,21,3917.37,3432.92,4.64,490.03,209.12,20250827_033506
0.5,0.0,2023-11-06,56.67,27,6018.59,5871.74,103.00,0.00,448.24,20250827_033506
0.5,0.0,2023-11-15,34.08,21,3102.78,2549.81,-1.65,558.07,168.07,20250827_033506
0.5,0.0,2023-11-16,112.31,52,3896.10,3205.69,-4.21,703.51,223.52,20250827_033506
0.5,0.0,2023-11-30,153.40,70,8563.77,7460.69,82.76,1008.48,340.13,20250827_033506
0.6,0.0,2018-12-03,40.67,23,2651.21,2263.62,-4.70,403.31,246.42,20250827_033506
0.6,0.0,2019-06-02,37.38,22,1414.81,1366.84,34.09,0.00,325.04,20250827_033506
0.6,0.0,2020-09-23,121.85,69,1614.11,1595.14,14.50,0.00,200.76,20250827_033506
0.6,0.0,2021-06-03,78.79,38,1969.50,1592.35,0.00,377.15,161.60,20250827_033506
0.6,0.0,2021-06-21,43.64,21,2329.43,1865.52,-0.94,466.84,163.58,20250827_033506
0.6,0.0,2021-07-06,39.09,22,4042.39,3957.64,62.75,0.00,345.83,20250827_033506
0.6,0.0,2021-07-18,75.53,44,4069.96,3949.19,85.72,0.00,307.33,20250827_033506
0.6,0.0,2021-07-31,123.53,57,4266.62,4212.92,56.65,0.00,450.11,20250827_033506
0.6,0.0,2021-08-08,63.74,30,5409.78,4845.51,211.47,-0.00,466.49,20250827_033506
0.6,0.0,2021-11-29,69.27,32,12289.04,10704.96,112.52,1450.64,343.44,20250827_033506
0.6,0.0,2023-05-18,48.88,27,3353.12,3368.84,-4.79,0.00,203.11,20250827_033506
0.6,0.0,2023-05-21,79.05,38,4849.01,4847.58,38.75,0.00,411.51,20250827_033506
0.6,0.0,2023-06-03,45.91,21,4469.01,4446.05,18.80,0.00,311.74,20250827_033506
0.6,0.0,2023-08-01,48.73,24,2773.05,2777.42,-1.35,0.00,224.88,20250827_033506
0.6,0.0,2023-08-19,65.14,39,4864.26,4698.84,116.69,0.00,316.24,20250827_033506
0.6,0.0,2023-10-06,39.86,23,3917.46,3431.95,4.82,490.68,208.19,20250827_033506
0.6,0.0,2023-11-06,54.02,26,6019.30,5871.27,103.80,0.00,448.27,20250827_033506
0.6,0.0,2023-11-15,42.13,26,3092.02,2554.22,-3.63,549.19,174.94,20250827_033506
0.6,0.0,2023-11-16,126.62,59,3896.10,3213.54,-6.18,701.88,231.94,20250827_033506
0.6,0.0,2023-11-30,162.51,74,8571.54,7508.84,33.52,1044.13,340.99,20250827_033506
0.7,0.0,2018-12-03,49.86,23,2652.31,2265.47,-4.70,402.57,246.64,20250827_033506
0.7,0.0,2019-06-02,86.15,41,1414.78,1366.80,34.10,0.00,324.28,20250827_033506
0.7,0.0,2020-09-23,72.69,34,1614.14,1595.24,14.46,0.00,200.31,20250827_033506
0.7,0.0,2021-06-03,62.44,38,1957.40,1584.55,-1.09,376.39,175.74,20250827_033506
0.7,0.0,2021-06-21,42.70,21,2319.02,1857.40,-1.25,465.62,171.58,20250827_033506
0.7,0.0,2021-07-06,37.86,22,4039.93,3953.76,63.82,0.00,343.16,20250827_033506
0.7,0.0,2021-07-18,50.41,24,4069.96,3949.19,85.72,0.00,307.17,20250827_033506
0.7,0.0,2021-07-31,37.62,22,4266.94,4213.24,56.65,0.00,450.14,20250827_033506
0.7,0.0,2021-08-08,87.02,41,5409.77,4845.47,211.47,-0.00,466.26,20250827_033506
0.7,0.0,2021-11-29,56.40,26,12292.76,10703.93,112.46,1455.38,343.47,20250827_033506
0.7,0.0,2023-05-18,85.49,49,3354.45,3370.20,-4.79,0.00,203.04,20250827_033506
0.7,0.0,2023-05-21,68.08,41,4848.34,4846.91,38.75,0.00,411.55,20250827_033506
0.7,0.0,2023-06-03,64.40,37,4469.77,4446.28,19.16,0.00,308.47,20250827_033506
0.7,0.0,2023-08-01,84.92,42,2773.45,2777.83,-1.36,0.00,221.94,20250827_033506
0.7,0.0,2023-08-19,72.04,35,4865.25,4699.89,116.68,0.00,315.53,20250827_033506
0.7,0.0,2023-10-06,62.87,29,3916.78,3431.73,4.53,490.77,209.24,20250827_033506
0.7,0.0,2023-11-06,92.69,44,6020.79,5873.75,103.13,0.00,448.29,20250827_033506
0.7,0.0,2023-11-15,162.57,81,3086.80,2575.36,-5.05,527.34,186.24,20250827_033506
0.7,0.0,2023-11-16,104.05,60,3905.18,3235.12,-6.17,689.34,232.36,20250827_033506
0.7,0.0,2023-11-30,127.36,59,8569.66,7463.74,80.85,1016.87,340.52,20250827_033506
0.8,0.0,2018-12-03,38.52,22,2651.84,2264.78,-4.70,402.79,246.62,20250827_033506
0.8,0.0,2019-06-02,65.14,38,1414.74,1366.77,34.09,0.00,324.34,20250827_033506
0.8,0.0,2020-09-23,49.04,23,1614.40,1595.12,14.72,0.00,200.69,20250827_033506
0.8,0.0,2021-06-03,46.64,23,1946.17,1577.89,-1.52,373.20,192.16,20250827_033506
0.8,0.0,2021-06-21,69.14,34,2325.63,1865.13,-1.64,465.77,168.94,20250827_033506
0.8,0.0,2021-07-06,46.58,22,4038.81,3945.50,66.69,0.00,336.22,20250827_033506
0.8,0.0,2021-07-18,57.00,33,4069.75,3948.97,85.72,0.00,307.40,20250827_033506
0.8,0.0,2021-07-31,51.36,24,4266.56,4212.86,56.65,0.00,450.10,20250827_033506
0.8,0.0,2021-08-08,43.36,21,5409.71,4845.44,211.46,-0.00,466.59,20250827_033506
0.8,0.0,2021-11-29,53.15,25,12292.40,10702.62,114.48,1452.14,343.79,20250827_033506
0.8,0.0,2023-05-18,69.01,32,3351.39,3367.09,-4.77,0.00,204.44,20250827_033506
0.8,0.0,2023-05-21,61.50,37,4848.90,4847.47,38.75,0.00,411.50,20250827_033506
0.8,0.0,2023-06-03,53.83,25,4469.82,4445.26,19.88,0.00,305.26,20250827_033506
0.8,0.0,2023-08-01,79.08,49,2782.74,2782.74,0.00,0.00,210.52,20250827_033506
0.8,0.0,2023-08-19,62.58,38,4868.59,4696.05,121.25,0.00,329.42,20250827_033506
0.8,0.0,2023-10-06,57.76,27,3917.92,3433.26,4.69,490.17,209.31,20250827_033506
0.8,0.0,2023-11-06,52.21,25,6019.58,5872.53,103.14,0.00,448.24,20250827_033506
0.8,0.0,2023-11-15,42.53,21,3094.00,2554.81,-3.63,550.56,175.43,20250827_033506
0.8,0.0,2023-11-16,48.91,23,3910.38,3205.75,-4.16,717.57,225.32,20250827_033506
0.8,0.0,2023-11-30,68.43,39,8559.26,7445.80,87.89,1011.21,339.22,20250827_033506
0.9,0.0,2018-12-03,45.70,21,2637.49,2250.28,-4.70,402.94,250.10,20250827_033506
0.9,0.0,2019-06-02,44.39,21,1414.81,1366.83,34.10,0.00,325.25,20250827_033506
0.9,0.0,2020-09-23,62.22,29,1614.17,1595.15,14.54,0.00,199.92,20250827_033506
0.9,0.0,2021-06-03,51.21,25,1968.89,1589.26,0.00,379.63,165.17,20250827_033506
0.9,0.0,2021-06-21,61.08,37,2324.38,1859.94,0.00,464.44,166.64,20250827_033506
0.9,0.0,2021-07-06,44.95,21,4037.41,3950.97,64.11,0.00,341.36,20250827_033506
0.9,0.0,2021-07-18,48.32,23,4069.67,3948.90,85.72,0.00,307.25,20250827_033506
0.9,0.0,2021-07-31,53.70,25,4266.67,4212.97,56.64,0.00,450.02,20250827_033506
0.9,0.0,2021-08-08,69.55,41,5409.64,4845.36,211.47,-0.00,466.54,20250827_033506
0.9,0.0,2021-11-29,58.05,27,12287.98,10706.52,114.13,1446.19,343.86,20250827_033506
0.9,0.0,2023-05-18,108.96,50,3351.63,3367.29,-4.76,0.00,204.39,20250827_033506
0.9,0.0,2023-05-21,63.72,31,4848.93,4847.50,38.75,0.00,411.49,20250827_033506
0.9,0.0,2023-06-03,36.52,21,4468.74,4445.87,18.73,0.00,311.89,20250827_033506
0.9,0.0,2023-08-01,56.06,28,2772.85,2777.32,-1.39,0.00,220.37,20250827_033506
0.9,0.0,2023-08-19,53.21,26,4869.49,4696.95,121.26,0.00,329.56,20250827_033506
0.9,0.0,2023-10-06,51.18,24,3917.27,3432.10,4.84,490.62,209.52,20250827_033506
0.9,0.0,2023-11-06,62.61,37,6021.49,5874.53,103.07,0.00,448.26,20250827_033506
0.9,0.0,2023-11-15,42.16,21,3090.69,2556.46,-3.64,545.64,175.18,20250827_033506
0.9,0.0,2023-11-16,72.37,42,3897.00,3209.43,-6.15,706.78,232.64,20250827_033506
0.9,0.0,2023-11-30,62.64,29,8556.67,7450.28,85.85,1007.20,339.41,20250827_033506
1.0,0.0,2018-12-03,36.66,21,2652.13,2265.62,-4.70,402.24,246.10,20250827_033506
1.0,0.0,2019-06-02,60.26,29,1414.92,1366.94,34.09,0.00,325.04,20250827_033506
1.0,0.0,2020-09-23,74.06,35,1614.07,1595.17,14.46,0.00,200.09,20250827_033506
1.0,0.0,2021-06-03,66.72,33,1965.93,1591.81,0.00,374.13,168.73,20250827_033506
1.0,0.0,2021-06-21,42.18,21,2318.71,1857.62,-1.24,465.07,171.91,20250827_033506
1.0,0.0,2021-07-06,53.03,25,4041.05,3949.79,65.11,0.00,341.05,20250827_033506
1.0,0.0,2021-07-18,82.15,48,4069.84,3949.08,85.72,0.00,307.15,20250827_033506
1.0,0.0,2021-07-31,49.81,29,4266.80,4213.11,56.64,0.00,450.20,20250827_033506
1.0,0.0,2021-08-08,122.44,58,5409.53,4845.40,211.40,-0.00,466.91,20250827_033506
1.0,0.0,2021-11-29,74.50,35,12298.58,10700.20,112.42,1466.58,344.07,20250827_033506
1.0,0.0,2023-05-18,83.39,38,3352.77,3368.48,-4.78,0.00,203.26,20250827_033506
1.0,0.0,2023-05-21,82.04,49,4848.86,4847.43,38.75,0.00,411.51,20250827_033506
1.0,0.0,2023-06-03,50.22,23,4470.15,4446.38,19.35,0.00,307.96,20250827_033506
1.0,0.0,2023-08-01,68.66,34,2771.98,2776.59,-1.43,0.00,217.40,20250827_033506
1.0,0.0,2023-08-19,109.85,53,4868.64,4696.10,121.25,0.00,330.71,20250827_033506
1.0,0.0,2023-10-06,36.76,21,3916.47,3430.70,5.32,490.71,210.16,20250827_033506
1.0,0.0,2023-11-06,76.48,36,6020.64,5871.41,104.62,0.00,448.32,20250827_033506
1.0,0.0,2023-11-15,85.74,53,3093.54,2559.41,-3.64,545.55,174.66,20250827_033506
1.0,0.0,2023-11-16,82.39,48,3912.10,3202.00,-4.21,723.21,223.65,20250827_033506
1.0,0.0,2023-11-30,154.92,71,8568.29,7463.10,80.52,1016.63,340.46,20250827_033506
0.0,0.1,2018-12-03,46.15,21,2651.11,2263.40,-4.70,403.44,245.61,20250827_033506
0.0,0.1,2019-06-02,63.79,30,1414.82,1366.85,34.09,0.00,324.81,20250827_033506
0.0,0.1,2020-09-23,144.29,67,1614.26,1595.13,14.61,0.00,200.83,20250827_033506
0.0,0.1,2021-06-03,69.22,42,1957.27,1583.28,-1.07,377.45,177.89,20250827_033506
0.0,0.1,2021-06-21,47.71,23,2317.54,1859.13,-1.26,462.47,170.18,20250827_033506
0.0,0.1,2021-07-06,45.16,21,4034.68,3947.41,62.69,0.00,335.21,20250827_033506
0.0,0.1,2021-07-18,94.82,45,4069.85,3949.08,85.72,0.00,307.29,20250827_033506
0.0,0.1,2021-07-31,49.59,23,4266.75,4213.06,56.64,0.00,450.09,20250827_033506
0.0,0.1,2021-08-08,64.68,38,5409.62,4845.45,211.42,-0.00,467.68,20250827_033506
0.0,0.1,2021-11-29,41.25,24,12261.72,10710.24,106.48,1437.78,343.70,20250827_033506
0.0,0.1,2023-05-18,61.66,28,3351.65,3367.32,-4.77,0.00,204.15,20250827_033506
0.0,0.1,2023-05-21,65.59,32,4848.89,4847.45,38.75,0.00,411.49,20250827_033506
0.0,0.1,2023-06-03,48.13,22,4469.46,4446.18,19.01,0.00,309.64,20250827_033506
0.0,0.1,2023-08-01,44.97,28,2775.59,2780.26,-1.45,0.00,215.07,20250827_033506
0.0,0.1,2023-08-19,120.91,60,4867.81,4702.16,116.75,0.00,301.96,20250827_033506
0.0,0.1,2023-10-06,51.54,30,3918.01,3433.21,4.66,490.34,208.77,20250827_033506
0.0,0.1,2023-11-06,101.72,49,6020.64,5873.65,103.10,0.00,448.29,20250827_033506
0.0,0.1,2023-11-15,173.26,107,3099.27,2601.68,-3.74,509.33,171.48,20250827_033506
0.0,0.1,2023-11-16,44.71,26,3898.43,3201.67,-4.01,709.23,229.97,20250827_033506
0.0,0.1,2023-11-30,62.33,29,8560.56,7456.03,84.34,1007.60,339.91,20250827_033506
0.0,0.2,2018-12-03,49.57,23,2650.78,2263.72,-4.70,402.79,245.68,20250827_033506
0.0,0.2,2019-06-02,114.81,55,1414.87,1366.89,34.10,0.00,324.42,20250827_033506
0.0,0.2,2020-09-23,44.61,21,1614.18,1595.04,14.63,0.00,200.89,20250827_033506
0.0,0.2,2021-06-03,42.54,21,1958.67,1583.70,-0.59,376.87,178.21,20250827_033506
0.0,0.2,2021-06-21,34.45,21,2330.69,1866.52,-2.90,473.22,160.39,20250827_033506
0.0,0.2,2021-07-06,36.03,21,4040.53,3954.58,63.64,0.00,344.31,20250827_033506
0.0,0.2,2021-07-18,94.01,45,4069.89,3949.12,85.72,0.00,307.34,20250827_033506
0.0,0.2,2021-07-31,51.10,24,4266.76,4213.06,56.65,0.00,450.01,20250827_033506
0.0,0.2,2021-08-08,71.12,34,5409.73,4845.45,211.47,-0.00,466.63,20250827_033506
0.0,0.2,2021-11-29,72.58,34,12294.53,10699.12,115.34,1455.03,343.76,20250827_033506
0.0,0.2,2023-05-18,94.63,54,3352.21,3367.87,-4.77,0.00,204.44,20250827_033506
0.0,0.2,2023-05-21,65.99,40,4848.39,4846.96,38.75,0.00,411.51,20250827_033506
0.0,0.2,2023-06-03,175.23,81,4470.40,4446.43,19.48,0.00,306.80,20250827_033506
0.0,0.2,2023-08-01,49.98,25,2775.08,2779.61,-1.40,0.00,218.95,20250827_033506
0.0,0.2,2023-08-19,49.11,24,4869.17,4696.63,121.26,0.00,329.73,20250827_033506
0.0,0.2,2023-10-06,77.49,36,3917.21,3432.44,4.58,490.50,209.78,20250827_033506
0.0,0.2,2023-11-06,135.71,65,6020.62,5872.73,103.71,0.00,448.31,20250827_033506
0.0,0.2,2023-11-15,50.29,25,3076.81,2545.76,-4.90,546.46,191.79,20250827_033506
0.0,0.2,2023-11-16,36.08,21,3918.19,3208.74,-5.69,727.23,218.33,20250827_033506
0.0,0.2,2023-11-30,49.81,23,8556.40,7448.01,86.72,1007.88,339.32,20250827_033506
0.0,0.3,2018-12-03,50.28,23,2653.18,2266.50,-4.70,402.41,246.41,20250827_033506
0.0,0.3,2019-06-02,44.46,21,1414.74,1366.77,34.09,0.00,324.93,20250827_033506
0.0,0.3,2020-09-23,35.92,21,1614.26,1595.12,14.63,0.00,200.76,20250827_033506
0.0,0.3,2021-06-03,41.11,25,1967.45,1586.00,0.00,381.45,166.52,20250827_033506
0.0,0.3,2021-06-21,121.12,73,2332.05,1869.34,-1.44,467.18,157.63,20250827_033506
0.0,0.3,2021-07-06,44.31,21,4039.31,3947.42,65.60,0.00,339.99,20250827_033506
0.0,0.3,2021-07-18,46.39,27,4069.98,3949.21,85.72,0.00,307.29,20250827_033506
0.0,0.3,2021-07-31,118.98,56,4266.97,4213.27,56.65,0.00,450.16,20250827_033506
0.0,0.3,2021-08-08,115.93,56,5409.81,4845.61,211.43,-0.00,467.40,20250827_033506
0.0,0.3,2021-11-29,54.68,26,12303.01,10708.03,108.54,1475.93,344.63,20250827_033506
0.0,0.3,2023-05-18,53.58,25,3352.38,3368.12,-4.79,0.00,203.47,20250827_033506
0.0,0.3,2023-05-21,81.59,49,4848.73,4847.29,38.75,0.00,411.51,20250827_033506
0.0,0.3,2023-06-03,81.79,38,4469.85,4446.31,19.19,0.00,308.52,20250827_033506
0.0,0.3,2023-08-01,33.66,21,2780.65,2780.65,0.00,0.00,210.48,20250827_033506
0.0,0.3,2023-08-19,120.16,59,4873.20,4707.35,116.82,0.00,306.42,20250827_033506
0.0,0.3,2023-10-06,125.64,59,3918.68,3431.44,6.84,489.40,208.34,20250827_033506
0.0,0.3,2023-11-06,70.35,34,6021.06,5873.04,103.79,0.00,448.32,20250827_033506
0.0,0.3,2023-11-15,45.63,23,3080.34,2550.32,-4.98,545.67,188.51,20250827_033506
0.0,0.3,2023-11-16,98.00,57,3908.24,3219.92,-5.74,706.24,216.64,20250827_033506
0.0,0.3,2023-11-30,66.44,38,8574.94,7441.12,88.46,1030.73,339.99,20250827_033506
0.0,0.4,2018-12-03,41.97,24,2651.32,2264.20,-4.70,402.85,246.36,20250827_033506
0.0,0.4,2019-06-02,43.84,21,1414.79,1366.82,34.09,0.00,324.48,20250827_033506
0.0,0.4,2020-09-23,116.22,54,1614.28,1595.13,14.64,0.00,200.65,20250827_033506
0.0,0.4,2021-06-03,101.23,49,1956.35,1585.01,-1.09,374.85,176.68,20250827_033506
0.0,0.4,2021-06-21,128.41,62,2324.37,1869.84,-2.13,461.30,174.10,20250827_033506
0.0,0.4,2021-07-06,47.47,22,4042.54,3958.38,62.29,0.00,348.35,20250827_033506
0.0,0.4,2021-07-18,55.53,33,4069.86,3949.10,85.72,0.00,307.27,20250827_033506
0.0,0.4,2021-07-31,45.60,21,4266.88,4213.19,56.65,0.00,450.08,20250827_033506
0.0,0.4,2021-08-08,43.83,26,5409.84,4845.54,211.48,-0.00,466.27,20250827_033506
0.0,0.4,2021-11-29,41.04,24,12296.02,10698.69,109.69,1473.73,344.28,20250827_033506
0.0,0.4,2023-05-18,138.89,64,3355.47,3371.18,-4.78,0.00,202.39,20250827_033506
0.0,0.4,2023-05-21,139.02,68,4848.16,4846.73,38.75,0.00,411.53,20250827_033506
0.0,0.4,2023-06-03,81.72,37,4470.11,4446.63,19.15,0.00,308.98,20250827_033506
0.0,0.4,2023-08-01,86.07,53,2775.96,2780.39,-1.38,0.00,222.46,20250827_033506
0.0,0.4,2023-08-19,39.57,24,4869.13,4696.58,121.26,0.00,329.40,20250827_033506
0.0,0.4,2023-10-06,47.75,22,3919.67,3423.59,13.33,488.50,207.84,20250827_033506
0.0,0.4,2023-11-06,105.34,61,6020.31,5879.60,98.84,0.00,448.03,20250827_033506
0.0,0.4,2023-11-15,111.31,56,3089.13,2595.54,-5.11,509.65,184.97,20250827_033506
0.0,0.4,2023-11-16,51.34,24,3903.16,3200.73,-4.13,715.29,225.87,20250827_033506
0.0,0.4,2023-11-30,64.40,36,8567.62,7464.79,77.92,1018.14,340.49,20250827_033506
0.0,0.5,2018-12-03,58.09,27,2653.65,2266.62,-4.70,402.76,246.21,20250827_033506
0.0,0.5,2019-06-02,96.38,47,1414.81,1366.84,34.09,0.00,325.02,20250827_033506
0.0,0.5,2020-09-23,55.90,27,1614.31,1595.08,14.69,0.00,200.36,20250827_033506
0.0,0.5,2021-06-03,71.46,36,1970.38,1593.46,0.00,376.92,163.24,20250827_033506
0.0,0.5,2021-06-21,60.56,35,2332.02,1865.97,0.00,466.04,161.19,20250827_033506
0.0,0.5,2021-07-06,43.42,21,4040.09,3948.09,65.66,0.00,341.02,20250827_033506
0.0,0.5,2021-07-18,54.86,32,4069.60,3948.85,85.72,0.00,306.95,20250827_033506
0.0,0.5,2021-07-31,49.93,24,4266.98,4213.28,56.65,0.00,450.66,20250827_033506
0.0,0.5,2021-08-08,69.42,41,5409.80,4845.55,211.45,-0.00,466.85,20250827_033506
0.0,0.5,2021-11-29,71.80,34,12300.92,10702.29,105.72,1486.83,344.49,20250827_033506
0.0,0.5,2023-05-18,57.98,27,3353.00,3368.77,-4.80,0.00,202.65,20250827_033506
0.0,0.5,2023-05-21,60.42,30,4848.58,4847.15,38.75,0.00,411.54,20250827_033506
0.0,0.5,2023-06-03,40.20,23,4469.99,4446.29,19.30,0.00,308.10,20250827_033506
0.0,0.5,2023-08-01,41.69,21,2775.52,2780.09,-1.42,0.00,217.28,20250827_033506
0.0,0.5,2023-08-19,52.87,26,4868.75,4696.21,121.26,0.00,329.21,20250827_033506
0.0,0.5,2023-10-06,61.67,29,3917.29,3432.25,4.60,490.70,209.46,20250827_033506
0.0,0.5,2023-11-06,38.77,23,6020.22,5871.44,104.31,0.00,448.31,20250827_033506
0.0,0.5,2023-11-15,152.05,76,3093.96,2560.09,-3.63,545.28,175.14,20250827_033506
0.0,0.5,2023-11-16,47.02,22,3903.17,3196.00,-4.19,720.21,223.99,20250827_033506
0.0,0.5,2023-11-30,71.32,41,8569.85,7462.15,80.26,1019.53,340.55,20250827_033506
0.0,0.6,2018-12-03,45.89,21,2651.70,2264.57,-4.70,402.87,246.51,20250827_033506
0.0,0.6,2019-06-02,83.94,40,1414.76,1366.79,34.09,0.00,324.85,20250827_033506
0.0,0.6,2020-09-23,39.35,23,1614.29,1595.16,14.62,0.00,200.77,20250827_033506
0.0,0.6,2021-06-03,42.68,21,1958.44,1583.12,-1.08,378.82,176.69,20250827_033506
0.0,0.6,2021-06-21,34.52,21,2329.84,1865.10,-1.43,469.17,159.35,20250827_033506
0.0,0.6,2021-07-06,45.04,21,4035.98,3942.63,66.70,0.00,340.52,20250827_033506
0.0,0.6,2021-07-18,61.46,29,4069.92,3949.15,85.72,0.00,307.06,20250827_033506
0.0,0.6,2021-07-31,37.89,22,4266.98,4213.28,56.65,0.00,450.19,20250827_033506
0.0,0.6,2021-08-08,46.43,22,5409.74,4845.42,211.49,-0.00,465.74,20250827_033506
0.0,0.6,2021-11-29,49.72,29,12297.40,10698.71,112.86,1465.11,344.03,20250827_033506
0.0,0.6,2023-05-18,94.91,44,3353.94,3369.66,-4.78,0.00,203.44,20250827_033506
0.0,0.6,2023-05-21,126.52,62,4848.61,4847.18,38.75,0.00,411.52,20250827_033506
0.0,0.6,2023-06-03,50.27,23,4470.41,4446.52,19.43,0.00,307.57,20250827_033506
0.0,0.6,2023-08-01,35.66,22,2769.28,2749.11,15.18,0.00,227.46,20250827_033506
0.0,0.6,2023-08-19,34.44,21,4868.86,4696.37,121.22,0.00,329.56,20250827_033506
0.0,0.6,2023-10-06,53.17,25,3917.91,3430.13,7.96,488.29,208.21,20250827_033506
0.0,0.6,2023-11-06,50.25,24,6020.33,5871.91,104.06,0.00,448.30,20250827_033506
0.0,0.6,2023-11-15,182.68,91,3082.29,2558.13,-5.00,539.89,187.72,20250827_033506
0.0,0.6,2023-11-16,89.59,52,3896.30,3205.89,-4.20,703.49,223.68,20250827_033506
0.0,0.6,2023-11-30,64.81,37,8563.42,7443.96,85.89,1020.19,339.62,20250827_033506
0.0,0.7,2018-12-03,45.50,21,2651.57,2264.82,-4.70,402.48,246.63,20250827_033506
0.0,0.7,2019-06-02,94.44,56,1414.84,1366.86,34.10,0.00,324.37,20250827_033506
0.0,0.7,2020-09-23,48.41,23,1614.21,1595.13,14.58,0.00,200.50,20250827_033506
0.0,0.7,2021-06-03,196.19,96,1969.16,1591.08,0.00,378.08,165.47,20250827_033506
0.0,0.7,2021-06-21,42.16,21,2320.26,1856.91,-1.26,467.38,171.18,20250827_033506
0.0,0.7,2021-07-06,104.28,49,4044.42,3961.56,61.34,0.00,350.56,20250827_033506
0.0,0.7,2021-07-18,76.31,37,4069.64,3948.88,85.72,0.00,307.14,20250827_033506
0.0,0.7,2021-07-31,51.60,30,4266.69,4212.99,56.65,0.00,450.16,20250827_033506
0.0,0.7,2021-08-08,47.97,23,5409.85,4845.57,211.47,-0.00,466.95,20250827_033506
0.0,0.7,2021-11-29,96.33,45,12294.30,10704.77,113.55,1458.26,344.02,20250827_033506
0.0,0.7,2023-05-18,82.01,38,3350.36,3366.15,-4.80,0.00,203.11,20250827_033506
0.0,0.7,2023-05-21,82.52,49,4848.69,4847.26,38.75,0.00,411.51,20250827_033506
0.0,0.7,2023-06-03,39.55,22,4469.55,4446.47,18.88,0.00,310.78,20250827_033506
0.0,0.7,2023-08-01,115.30,70,2790.39,2790.39,0.00,0.00,208.84,20250827_033506
0.0,0.7,2023-08-19,117.61,57,4869.03,4696.49,121.26,0.00,329.29,20250827_033506
0.0,0.7,2023-10-06,45.67,21,3916.27,3428.30,8.19,488.09,208.84,20250827_033506
0.0,0.7,2023-11-06,61.48,29,6019.89,5872.38,103.45,0.00,448.28,20250827_033506
0.0,0.7,2023-11-15,39.09,23,3080.73,2549.09,-4.98,547.32,188.33,20250827_033506
0.0,0.7,2023-11-16,44.80,21,3900.91,3204.25,-4.19,709.70,224.06,20250827_033506
0.0,0.7,2023-11-30,43.35,24,8562.00,7448.14,86.38,1013.87,339.53,20250827_033506
0.0,0.8,2018-12-03,63.24,29,2653.69,2266.64,-4.69,402.77,245.91,20250827_033506
0.0,0.8,2019-06-02,87.15,41,1414.81,1366.84,34.10,0.00,325.60,20250827_033506
0.0,0.8,2020-09-23,47.09,22,1614.27,1595.16,14.60,0.00,200.66,20250827_033506
0.0,0.8,2021-06-03,42.55,26,1968.92,1588.70,0.00,380.23,164.82,20250827_033506
0.0,0.8,2021-06-21,49.39,24,2332.38,1866.40,0.00,465.97,160.83,20250827_033506
0.0,0.8,2021-07-06,45.33,21,4040.06,3948.57,65.29,0.00,342.84,20250827_033506
0.0,0.8,2021-07-18,38.62,23,4069.94,3949.19,85.71,0.00,306.74,20250827_033506
0.0,0.8,2021-07-31,66.28,31,4266.90,4213.21,56.65,0.00,449.70,20250827_033506
0.0,0.8,2021-08-08,55.94,33,5409.87,4845.59,211.46,-0.00,466.69,20250827_033506
0.0,0.8,2021-11-29,63.58,30,12298.31,10706.09,105.94,1479.63,344.43,20250827_033506
0.0,0.8,2023-05-18,58.66,27,3353.37,3369.17,-4.81,0.00,201.95,20250827_033506
0.0,0.8,2023-05-21,49.65,30,4848.75,4847.32,38.75,0.00,411.52,20250827_033506
0.0,0.8,2023-06-03,47.48,22,4469.70,4445.75,19.47,0.00,308.21,20250827_033506
0.0,0.8,2023-08-01,35.72,22,2774.18,2778.77,-1.42,0.00,218.14,20250827_033506
0.0,0.8,2023-08-19,52.06,26,4869.38,4696.88,121.22,0.00,329.12,20250827_033506
0.0,0.8,2023-10-06,59.38,28,3923.32,3429.61,4.55,499.33,211.72,20250827_033506
0.0,0.8,2023-11-06,72.13,35,6020.87,5873.87,103.10,0.00,448.27,20250827_033506
0.0,0.8,2023-11-15,50.21,31,3091.45,2552.21,-3.63,550.64,173.82,20250827_033506
0.0,0.8,2023-11-16,43.07,25,3918.85,3197.99,-4.14,733.76,226.04,20250827_033506
0.0,0.8,2023-11-30,84.09,48,8569.99,7462.84,80.77,1018.21,340.56,20250827_033506
0.0,0.9,2018-12-03,45.06,21,2651.90,2264.24,-4.70,403.38,246.32,20250827_033506
0.0,0.9,2019-06-02,120.88,58,1414.85,1366.88,34.09,0.00,324.67,20250827_033506
0.0,0.9,2020-09-23,50.86,24,1614.35,1595.10,14.71,0.00,200.68,20250827_033506
0.0,0.9,2021-06-03,52.50,26,1966.93,1587.44,0.00,379.49,168.31,20250827_033506
0.0,0.9,2021-06-21,42.29,21,2316.98,1852.35,-1.51,469.44,170.95,20250827_033506
0.0,0.9,2021-07-06,44.25,21,4041.03,3949.84,65.06,0.00,342.34,20250827_033506
0.0,0.9,2021-07-18,52.28,31,4069.82,3949.06,85.72,0.00,306.85,20250827_033506
0.0,0.9,2021-07-31,98.15,46,4266.80,4213.10,56.65,0.00,450.11,20250827_033506
0.0,0.9,2021-08-08,117.81,56,5409.60,4845.38,211.44,-0.00,467.01,20250827_033506
0.0,0.9,2021-11-29,59.90,35,12292.27,10704.48,113.52,1452.81,343.75,20250827_033506
0.0,0.9,2023-05-18,64.94,30,3352.76,3368.47,-4.78,0.00,203.25,20250827_033506
0.0,0.9,2023-05-21,42.49,21,4848.23,4846.80,38.75,0.00,411.55,20250827_033506
0.0,0.9,2023-06-03,101.96,47,4470.49,4446.76,19.32,0.00,307.96,20250827_033506
0.0,0.9,2023-08-01,98.64,49,2783.12,2787.70,-1.42,0.00,217.78,20250827_033506
0.0,0.9,2023-08-19,68.93,42,4868.56,4696.03,121.24,0.00,329.33,20250827_033506
0.0,0.9,2023-10-06,36.06,21,3916.26,3431.54,4.98,490.15,209.61,20250827_033506
0.0,0.9,2023-11-06,90.26,43,6020.53,5873.56,103.08,0.00,448.25,20250827_033506
0.0,0.9,2023-11-15,41.91,26,3091.35,2553.97,-3.61,548.71,176.53,20250827_033506
0.0,0.9,2023-11-16,71.21,33,3899.47,3209.56,-6.14,709.11,233.06,20250827_033506
0.0,0.9,2023-11-30,65.35,30,8567.37,7460.93,81.21,1016.84,340.46,20250827_033506
0.0,1.0,2018-12-03,38.58,22,2652.00,2264.92,-4.70,402.81,246.86,20250827_033506
0.0,1.0,2019-06-02,88.02,42,1414.85,1366.88,34.09,0.00,324.04,20250827_033506
0.0,1.0,2020-09-23,48.35,28,1614.26,1595.15,14.61,0.00,200.61,20250827_033506
0.0,1.0,2021-06-03,85.43,52,1970.32,1590.87,0.00,379.45,163.07,20250827_033506
0.0,1.0,2021-06-21,49.13,24,2333.04,1867.64,-2.43,472.97,157.92,20250827_033506
0.0,1.0,2021-07-06,45.10,21,4039.26,3946.87,65.97,0.00,338.00,20250827_033506
0.0,1.0,2021-07-18,92.89,55,4069.77,3949.01,85.72,0.00,306.99,20250827_033506
0.0,1.0,2021-07-31,66.08,31,4266.78,4213.08,56.64,0.00,450.20,20250827_033506
0.0,1.0,2021-08-08,83.64,40,5409.49,4845.30,211.42,-0.00,467.16,20250827_033506
0.0,1.0,2021-11-29,55.54,26,12289.47,10704.49,113.74,1449.70,343.49,20250827_033506
0.0,1.0,2023-05-18,62.65,29,3351.01,3366.76,-4.79,0.00,203.58,20250827_033506
0.0,1.0,2023-05-21,42.63,26,4848.65,4847.22,38.75,0.00,411.51,20250827_033506
0.0,1.0,2023-06-03,54.31,25,4469.24,4446.04,18.96,0.00,310.87,20250827_033506
0.0,1.0,2023-08-01,71.87,37,2776.31,2776.31,0.00,0.00,217.43,20250827_033506
0.0,1.0,2023-08-19,61.20,32,4864.55,4699.09,116.71,0.00,316.43,20250827_033506
0.0,1.0,2023-10-06,52.47,31,3916.59,3431.76,4.89,490.33,210.61,20250827_033506
0.0,1.0,2023-11-06,86.28,49,6021.26,5874.31,103.07,0.00,448.31,20250827_033506
0.0,1.0,2023-11-15,40.34,25,3094.07,2557.41,-3.64,548.07,174.25,20250827_033506
0.0,1.0,2023-11-16,95.43,57,3907.83,3282.78,-4.33,638.52,221.33,20250827_033506
0.0,1.0,2023-11-30,39.58,21,8565.87,7443.50,86.91,1021.60,339.68,20250827_033506
