Database,Data_Type,Noise_Level,Date,Method,Distance_Metric,Expected_Profit,Ex_post_Profit,SI_Penalty,Volume_Penalty,Operating_Cost,Processing_Time_Seconds,Training_Episodes,Mean_Episode_Reward,Timestamp
MIQP_piecewise_results_random_samples,random_samples,0.0,2024-01-09,MIQP,0.0,2684.66064453125,2684.66064453125,0.0,1273.0926513671875,191.42823791503906,0.0,0,0.0,20251002_072203
MIQP_piecewise_results_random_samples,random_samples,0.0,2024-01-09,PPO,1.3512106161384712,2684.66064453125,2765.271484375,-110.14570617675781,762.754638671875,168.64364624023438,7.785851955413818,200,3219.5375091552733,20251002_072203
MIQP_piecewise_results_random_samples,random_samples,0.0,2024-01-30,MIQP,0.0,1967.62255859375,1967.62255859375,0.0,797.167236328125,146.38296508789062,0.0,0,0.0,20251002_072211
MIQP_piecewise_results_random_samples,random_samples,0.0,2024-01-30,PPO,0.8169343891577701,1967.62255859375,2127.0078125,-28.716577529907227,295.0819091796875,154.31068420410156,7.636251449584961,200,2344.4381103515625,20251002_072211
MIQP_piecewise_results_random_samples,random_samples,0.0,2024-02-06,MIQP,0.0,2887.519287109375,2887.519287109375,0.0,58.03041076660156,195.13009643554688,0.0,0,0.0,20251002_072218
MIQP_piecewise_results_random_samples,random_samples,0.0,2024-02-06,PPO,1.5277050518947604,2887.519287109375,3029.40380859375,55.880008697509766,74.4053726196289,231.4198455810547,7.630183935165405,200,3162.796666717529,20251002_072218
MIQP_piecewise_results_random_samples,random_samples,0.0,2024-02-14,MIQP,0.0,1494.28564453125,1494.28564453125,0.0,741.7096557617188,119.09777069091797,0.0,0,0.0,20251002_072226
MIQP_piecewise_results_random_samples,random_samples,0.0,2024-02-14,PPO,1.2125217678520839,1494.28564453125,1839.5208740234375,-55.976829528808594,315.8773193359375,108.87911224365234,7.476700782775879,200,1912.5024673461915,20251002_072226
MIQP_piecewise_results_random_samples,random_samples,0.0,2024-03-23,MIQP,0.0,1733.581298828125,1733.581298828125,0.0,0.0,212.92515563964844,0.0,0,0.0,20251002_072234
MIQP_piecewise_results_random_samples,random_samples,0.0,2024-03-23,PPO,0.8417611720881529,1733.581298828125,1676.6651611328125,-3.3629109859466553,0.0,234.524169921875,7.750464200973511,200,1671.6903303146362,20251002_072234
MIQP_piecewise_results_random_samples,random_samples,0.0,2024-04-09,MIQP,0.0,1785.9781494140625,1785.9781494140625,0.0,15.855608940124512,170.04254150390625,0.0,0,0.0,20251002_072241
MIQP_piecewise_results_random_samples,random_samples,0.0,2024-04-09,PPO,1.5033904403531038,1785.9781494140625,1225.5928955078125,-42.10758590698242,0.0,179.13011169433594,7.733266115188599,200,1063.6356010437012,20251002_072241
MIQP_piecewise_results_random_samples,random_samples,0.0,2024-04-24,MIQP,0.0,3385.910400390625,3385.910400390625,0.0,298.07733154296875,184.12644958496094,0.0,0,0.0,20251002_072249
MIQP_piecewise_results_random_samples,random_samples,0.0,2024-04-24,PPO,0.8245192366754243,3385.910400390625,3502.139892578125,-61.38551712036133,0.0,210.22061157226562,7.605093002319336,200,3307.440251159668,20251002_072249
MIQP_piecewise_results_random_samples,random_samples,0.0,2024-06-16,MIQP,0.0,3206.37890625,3206.37890625,0.0,0.0,271.3200378417969,0.0,0,0.0,20251002_072257
MIQP_piecewise_results_random_samples,random_samples,0.0,2024-06-16,PPO,0.5709352688646084,3206.37890625,3310.83984375,0.002715225098654628,0.0,277.7964782714844,7.536343336105347,200,3319.0269971847533,20251002_072257
MIQP_piecewise_results_random_samples,random_samples,0.0,2024-07-04,MIQP,0.0,3539.408935546875,3539.408935546875,0.0,0.0,409.885986328125,0.0,0,0.0,20251002_072304
MIQP_piecewise_results_random_samples,random_samples,0.0,2024-07-04,PPO,0.8783013205187481,3539.408935546875,3194.677001953125,3.563164710998535,0.0,339.76202392578125,7.676644325256348,200,3194.378740787506,20251002_072304
MIQP_piecewise_results_random_samples,random_samples,0.0,2024-07-09,MIQP,0.0,3324.337890625,3324.337890625,0.0,0.0,294.9583740234375,0.0,0,0.0,20251002_072312
MIQP_piecewise_results_random_samples,random_samples,0.0,2024-07-09,PPO,0.8257524581682338,3324.337890625,3472.737548828125,0.0,0.0,295.795166015625,7.771433591842651,200,3552.755767059326,20251002_072312
MIQP_piecewise_results_random_samples,random_samples,0.0,2024-07-19,MIQP,0.0,3766.010009765625,3766.010009765625,0.0,9.14107894897461,186.13650512695312,0.0,0,0.0,20251002_072320
MIQP_piecewise_results_random_samples,random_samples,0.0,2024-07-19,PPO,1.1065982616873618,3766.010009765625,3632.374267578125,-141.84237670898438,0.0,212.1340789794922,7.722789764404297,200,3149.1810150146484,20251002_072320
MIQP_piecewise_results_random_samples,random_samples,0.0,2024-08-03,MIQP,0.0,2967.65771484375,2967.65771484375,0.0,0.0,222.00242614746094,0.0,0,0.0,20251002_072328
MIQP_piecewise_results_random_samples,random_samples,0.0,2024-08-03,PPO,1.4945543645568335,2967.65771484375,1991.318115234375,-174.58843994140625,0.0,214.167236328125,7.722563028335571,200,1498.2545776367188,20251002_072328
MIQP_piecewise_results_random_samples,random_samples,0.0,2024-08-05,MIQP,0.0,4407.873046875,4407.873046875,0.0,0.0,264.6828918457031,0.0,0,0.0,20251002_072336
MIQP_piecewise_results_random_samples,random_samples,0.0,2024-08-05,PPO,0.8938220992102968,4407.873046875,4470.63818359375,-13.673162460327148,0.0,292.6986999511719,7.846311330795288,200,4448.738925170898,20251002_072336
MIQP_piecewise_results_random_samples,random_samples,0.0,2024-08-09,MIQP,0.0,4157.37841796875,4157.37841796875,0.0,0.0,354.4955749511719,0.0,0,0.0,20251002_072343
MIQP_piecewise_results_random_samples,random_samples,0.0,2024-08-09,PPO,0.5933237383288213,4157.37841796875,4143.11279296875,0.0,0.0,359.3467712402344,7.726059675216675,200,4155.476727104187,20251002_072343
MIQP_piecewise_results_random_samples,random_samples,0.0,2024-08-15,MIQP,0.0,3931.132080078125,3931.132080078125,0.0,0.0,200.0085906982422,0.0,0,0.0,20251002_072351
MIQP_piecewise_results_random_samples,random_samples,0.0,2024-08-15,PPO,1.1813185387326364,3931.132080078125,3454.83837890625,-133.36439514160156,0.0,222.97154235839844,7.783289670944214,200,3079.8023059844973,20251002_072351
MIQP_piecewise_results_random_samples,random_samples,0.0,2024-10-05,MIQP,0.0,3110.462158203125,3110.462158203125,0.0,693.8034057617188,156.5701141357422,0.0,0,0.0,20251002_072359
MIQP_piecewise_results_random_samples,random_samples,0.0,2024-10-05,PPO,1.7111881645575389,3110.462158203125,3747.914794921875,-235.85574340820312,0.0,180.22312927246094,7.9577178955078125,200,3037.499443054199,20251002_072359
MIQP_piecewise_results_random_samples,random_samples,0.0,2024-10-21,MIQP,0.0,5217.185546875,5217.185546875,0.0,331.492431640625,223.4005126953125,0.0,0,0.0,20251002_072407
MIQP_piecewise_results_random_samples,random_samples,0.0,2024-10-21,PPO,0.6414319812984592,5217.185546875,4830.58642578125,-6.417180061340332,0.0,203.4353485107422,7.726625919342041,200,4791.745789337158,20251002_072407
MIQP_piecewise_results_random_samples,random_samples,0.0,2024-11-21,MIQP,0.0,3494.8232421875,3494.8232421875,0.0,1329.3717041015625,240.85142517089844,0.0,0,0.0,20251002_072415
MIQP_piecewise_results_random_samples,random_samples,0.0,2024-11-21,PPO,1.7685998324156116,3494.8232421875,2607.023681640625,-315.38079833984375,0.0,185.45082092285156,8.391163110733032,200,1681.697933959961,20251002_072415
MIQP_piecewise_results_random_samples,random_samples,0.0,2024-12-12,MIQP,0.0,18116.150390625,18116.150390625,0.0,827.7792358398438,269.2583923339844,0.0,0,0.0,20251002_072424
MIQP_piecewise_results_random_samples,random_samples,0.0,2024-12-12,PPO,1.1679967292569957,18116.150390625,19132.265625,-358.1247863769531,0.0,275.68463134765625,8.670371770858765,200,17835.550274658202,20251002_072424
MIQP_piecewise_results_random_samples,random_samples,0.0,2024-12-13,MIQP,0.0,6870.20166015625,6870.20166015625,0.0,1263.73779296875,254.83975219726562,0.0,0,0.0,20251002_072432
MIQP_piecewise_results_random_samples,random_samples,0.0,2024-12-13,PPO,1.4010519392415122,6870.20166015625,6940.62158203125,-271.01153564453125,0.0,266.8229675292969,8.383800268173218,200,6321.644482421875,20251002_072432
MIQP_piecewise_results_relative_noise_10pct,relative_noise,0.1,2024-01-09,MIQP,0.0,2909.11474609375,2909.11474609375,0.0,433.93194580078125,159.9022979736328,0.0,0,0.0,20251002_072441
MIQP_piecewise_results_relative_noise_10pct,relative_noise,0.1,2024-01-09,PPO,0.7299167427482851,2909.11474609375,3074.392578125,-174.732666015625,583.1879272460938,188.30679321289062,8.525480508804321,200,3200.3119354248047,20251002_072441
MIQP_piecewise_results_relative_noise_10pct,relative_noise,0.1,2024-01-30,MIQP,0.0,2136.0224609375,2136.0224609375,0.0,0.0,111.3177719116211,0.0,0,0.0,20251002_072449
MIQP_piecewise_results_relative_noise_10pct,relative_noise,0.1,2024-01-30,PPO,0.6272203446020399,2136.0224609375,2238.446044921875,-28.456897735595703,98.2065658569336,148.9658203125,8.164631843566895,200,2259.0362396240234,20251002_072449
MIQP_piecewise_results_relative_noise_10pct,relative_noise,0.1,2024-02-06,MIQP,0.0,3240.36865234375,3240.36865234375,0.0,206.92198181152344,256.9057312011719,0.0,0,0.0,20251002_072458
MIQP_piecewise_results_relative_noise_10pct,relative_noise,0.1,2024-02-06,PPO,0.6872687899060647,3240.36865234375,3203.5234375,-77.86329650878906,98.59140014648438,226.6339111328125,8.247143507003784,200,3034.499225616455,20251002_072458
MIQP_piecewise_results_relative_noise_10pct,relative_noise,0.1,2024-02-14,MIQP,0.0,1549.2874755859375,1549.2874755859375,0.0,282.69873046875,106.6056900024414,0.0,0,0.0,20251002_072506
MIQP_piecewise_results_relative_noise_10pct,relative_noise,0.1,2024-02-14,PPO,0.6432558253657257,1549.2874755859375,1668.937744140625,-131.29171752929688,277.21331787109375,118.06694793701172,8.242427349090576,200,1489.5956893920898,20251002_072506
MIQP_piecewise_results_relative_noise_10pct,relative_noise,0.1,2024-03-23,MIQP,0.0,2020.7303466796875,2020.7303466796875,0.0,0.0,268.5923767089844,0.0,0,0.0,20251002_072514
MIQP_piecewise_results_relative_noise_10pct,relative_noise,0.1,2024-03-23,PPO,0.6013258566073023,2020.7303466796875,1932.6505126953125,-3.9936740398406982,0.0,250.1512908935547,8.389924764633179,200,1908.2992918014527,20251002_072514
MIQP_piecewise_results_relative_noise_10pct,relative_noise,0.1,2024-04-09,MIQP,0.0,1976.198486328125,1976.198486328125,0.0,220.43411254882812,201.57081604003906,0.0,0,0.0,20251002_072523
MIQP_piecewise_results_relative_noise_10pct,relative_noise,0.1,2024-04-09,PPO,1.1162160266555938,1976.198486328125,1802.034423828125,-56.84208297729492,0.0,197.46690368652344,8.342335224151611,200,1607.6826522827148,20251002_072523
MIQP_piecewise_results_relative_noise_10pct,relative_noise,0.1,2024-04-24,MIQP,0.0,3137.521728515625,3137.521728515625,0.0,0.0,182.35137939453125,0.0,0,0.0,20251002_072531
MIQP_piecewise_results_relative_noise_10pct,relative_noise,0.1,2024-04-24,PPO,0.6066790793596533,3137.521728515625,3580.3681640625,-1.2956047058105469,43.222328186035156,213.6396026611328,8.300827980041504,200,3461.664790344238,20251002_072531
MIQP_piecewise_results_relative_noise_10pct,relative_noise,0.1,2024-06-16,MIQP,0.0,4177.9814453125,4177.9814453125,0.0,0.0,392.9845275878906,0.0,0,0.0,20251002_072539
MIQP_piecewise_results_relative_noise_10pct,relative_noise,0.1,2024-06-16,PPO,1.1122763365890618,4177.9814453125,3617.432373046875,-0.06549156457185745,0.0,295.2322692871094,8.061537981033325,200,3616.30576877594,20251002_072539
MIQP_piecewise_results_relative_noise_10pct,relative_noise,0.1,2024-07-04,MIQP,0.0,3975.046875,3975.046875,0.0,0.0,445.7997131347656,0.0,0,0.0,20251002_072547
MIQP_piecewise_results_relative_noise_10pct,relative_noise,0.1,2024-07-04,PPO,1.10172864280139,3975.046875,3283.629150390625,-3.9633257389068604,0.0,349.0191955566406,8.283148288726807,200,3277.0143661975862,20251002_072547
MIQP_piecewise_results_relative_noise_10pct,relative_noise,0.1,2024-07-09,MIQP,0.0,4397.6162109375,4397.6162109375,0.0,0.0,360.328369140625,0.0,0,0.0,20251002_072556
MIQP_piecewise_results_relative_noise_10pct,relative_noise,0.1,2024-07-09,PPO,0.9397724965694497,4397.6162109375,3482.24560546875,-7.6596455574035645,0.0,294.45220947265625,8.271104335784912,200,3485.520400238037,20251002_072556
MIQP_piecewise_results_relative_noise_10pct,relative_noise,0.1,2024-07-19,MIQP,0.0,3628.258544921875,3628.258544921875,0.0,0.0,217.50743103027344,0.0,0,0.0,20251002_072604
MIQP_piecewise_results_relative_noise_10pct,relative_noise,0.1,2024-07-19,PPO,0.5962638084481431,3628.258544921875,3808.60009765625,-122.50227355957031,0.0,222.14370727539062,8.52133584022522,200,3423.9305252075196,20251002_072604
MIQP_piecewise_results_relative_noise_10pct,relative_noise,0.1,2024-08-03,MIQP,0.0,3458.23486328125,3458.23486328125,0.0,0.0,299.8476257324219,0.0,0,0.0,20251002_072613
MIQP_piecewise_results_relative_noise_10pct,relative_noise,0.1,2024-08-03,PPO,0.6459944628189566,3458.23486328125,3126.522705078125,-50.82056427001953,0.0,273.7499694824219,8.364617109298706,200,2908.46378326416,20251002_072613
MIQP_piecewise_results_relative_noise_10pct,relative_noise,0.1,2024-08-05,MIQP,0.0,5520.21923828125,5520.21923828125,0.0,0.0,346.4339294433594,0.0,0,0.0,20251002_072621
MIQP_piecewise_results_relative_noise_10pct,relative_noise,0.1,2024-08-05,PPO,0.8520916164384175,5520.21923828125,4604.10107421875,-37.67057800292969,0.0,295.858154296875,8.13610053062439,200,4513.377128601074,20251002_072621
MIQP_piecewise_results_relative_noise_10pct,relative_noise,0.1,2024-08-09,MIQP,0.0,4805.37841796875,4805.37841796875,0.0,0.0,410.15484619140625,0.0,0,0.0,20251002_072629
MIQP_piecewise_results_relative_noise_10pct,relative_noise,0.1,2024-08-09,PPO,1.0175574312250324,4805.37841796875,4089.65869140625,0.0,0.0,331.6114196777344,8.367923498153687,200,4087.1625764846804,20251002_072629
MIQP_piecewise_results_relative_noise_10pct,relative_noise,0.1,2024-08-15,MIQP,0.0,4927.43505859375,4927.43505859375,0.0,0.0,297.7211608886719,0.0,0,0.0,20251002_072638
MIQP_piecewise_results_relative_noise_10pct,relative_noise,0.1,2024-08-15,PPO,0.7190656589532662,4927.43505859375,4694.23193359375,-67.52134704589844,0.0,276.4555358886719,8.612086057662964,200,4451.600297927856,20251002_072638
MIQP_piecewise_results_relative_noise_10pct,relative_noise,0.1,2024-10-05,MIQP,0.0,3587.98486328125,3587.98486328125,0.0,432.40118408203125,195.66392517089844,0.0,0,0.0,20251002_072646
MIQP_piecewise_results_relative_noise_10pct,relative_noise,0.1,2024-10-05,PPO,1.169961707591395,3587.98486328125,3622.203857421875,-63.36435317993164,485.2351379394531,192.94729614257812,8.314037561416626,200,3511.38556060791,20251002_072646
MIQP_piecewise_results_relative_noise_10pct,relative_noise,0.1,2024-10-21,MIQP,0.0,5750.4775390625,5750.4775390625,0.0,33.846282958984375,238.0970916748047,0.0,0,0.0,20251002_072654
MIQP_piecewise_results_relative_noise_10pct,relative_noise,0.1,2024-10-21,PPO,0.5049256527858106,5750.4775390625,5543.86669921875,-3.4290499687194824,366.1967468261719,232.33447265625,7.972115993499756,200,6031.241550445557,20251002_072654
MIQP_piecewise_results_relative_noise_10pct,relative_noise,0.1,2024-11-21,MIQP,0.0,3842.568359375,3842.568359375,0.0,536.3917236328125,219.09423828125,0.0,0,0.0,20251002_072703
MIQP_piecewise_results_relative_noise_10pct,relative_noise,0.1,2024-11-21,PPO,1.8551858026356245,3842.568359375,815.61962890625,-234.23019409179688,0.0,174.75811767578125,8.27590274810791,200,164.85744018554686,20251002_072703
MIQP_piecewise_results_relative_noise_10pct,relative_noise,0.1,2024-12-12,MIQP,0.0,19918.609375,19918.609375,0.0,735.7539672851562,323.4726867675781,0.0,0,0.0,20251002_072711
MIQP_piecewise_results_relative_noise_10pct,relative_noise,0.1,2024-12-12,PPO,1.3086701200072264,19918.609375,17497.912109375,1539.6959228515625,933.133056640625,284.85052490234375,8.673952579498291,200,20016.679449462892,20251002_072711
MIQP_piecewise_results_relative_noise_10pct,relative_noise,0.1,2024-12-13,MIQP,0.0,7857.861328125,7857.861328125,0.0,698.9343872070312,318.4020690917969,0.0,0,0.0,20251002_072720
MIQP_piecewise_results_relative_noise_10pct,relative_noise,0.1,2024-12-13,PPO,1.7038297158711613,7857.861328125,6979.47119140625,636.3450927734375,0.0,283.7298889160156,8.453126668930054,200,7448.826885986328,20251002_072720
MIQP_piecewise_results_relative_noise_20pct,relative_noise,0.2,2024-01-09,MIQP,0.0,2911.76416015625,2911.76416015625,0.0,651.7738037109375,166.1015167236328,0.0,0,0.0,20251002_072728
MIQP_piecewise_results_relative_noise_20pct,relative_noise,0.2,2024-01-09,PPO,2.653170045078471,2911.76416015625,-734.2010498046875,-126.15322875976562,0.0,113.86456298828125,7.917040824890137,200,-770.1238342285156,20251002_072728
MIQP_piecewise_results_relative_noise_20pct,relative_noise,0.2,2024-01-30,MIQP,0.0,2232.94384765625,2232.94384765625,0.0,31.956809997558594,113.6124038696289,0.0,0,0.0,20251002_072736
MIQP_piecewise_results_relative_noise_20pct,relative_noise,0.2,2024-01-30,PPO,1.9579223997145083,2232.94384765625,-417.7780456542969,-45.997318267822266,0.0,93.02782440185547,8.064435005187988,200,-690.180322265625,20251002_072736
MIQP_piecewise_results_relative_noise_20pct,relative_noise,0.2,2024-02-06,MIQP,0.0,3186.548095703125,3186.548095703125,0.0,308.4533996582031,252.2313995361328,0.0,0,0.0,20251002_072744
MIQP_piecewise_results_relative_noise_20pct,relative_noise,0.2,2024-02-06,PPO,0.808638954938596,3186.548095703125,3040.70166015625,44.20704650878906,216.87831115722656,231.3920135498047,8.245447158813477,200,3195.952725982666,20251002_072744
MIQP_piecewise_results_relative_noise_20pct,relative_noise,0.2,2024-02-14,MIQP,0.0,1543.005615234375,1543.005615234375,0.0,442.03216552734375,108.6624755859375,0.0,0,0.0,20251002_072752
MIQP_piecewise_results_relative_noise_20pct,relative_noise,0.2,2024-02-14,PPO,1.5652546510042764,1543.005615234375,537.0496826171875,-55.60616683959961,0.0,98.34026336669922,7.935426235198975,200,326.3673492431641,20251002_072752
MIQP_piecewise_results_relative_noise_20pct,relative_noise,0.2,2024-03-23,MIQP,0.0,1958.722900390625,1958.722900390625,0.0,0.0,255.29299926757812,0.0,0,0.0,20251002_072801
MIQP_piecewise_results_relative_noise_20pct,relative_noise,0.2,2024-03-23,PPO,0.5936768659985856,1958.722900390625,1924.7899169921875,-3.9393043518066406,0.0,250.6182098388672,8.428552627563477,200,1884.9552030563354,20251002_072801
MIQP_piecewise_results_relative_noise_20pct,relative_noise,0.2,2024-04-09,MIQP,0.0,1985.198974609375,1985.198974609375,0.0,106.27951049804688,196.89654541015625,0.0,0,0.0,20251002_072809
MIQP_piecewise_results_relative_noise_20pct,relative_noise,0.2,2024-04-09,PPO,1.2171898080709989,1985.198974609375,1316.5850830078125,581.9464111328125,471.4250183105469,209.37144470214844,8.339373350143433,200,2386.8044044494627,20251002_072809
MIQP_piecewise_results_relative_noise_20pct,relative_noise,0.2,2024-04-24,MIQP,0.0,3151.00634765625,3151.00634765625,0.0,0.0,184.90931701660156,0.0,0,0.0,20251002_072817
MIQP_piecewise_results_relative_noise_20pct,relative_noise,0.2,2024-04-24,PPO,0.4252729277721958,3151.00634765625,3302.365234375,-61.60599899291992,0.0,200.98240661621094,8.117360353469849,200,3065.8677352905274,20251002_072817
MIQP_piecewise_results_relative_noise_20pct,relative_noise,0.2,2024-06-16,MIQP,0.0,4106.32568359375,4106.32568359375,0.0,0.0,379.20074462890625,0.0,0,0.0,20251002_072826
MIQP_piecewise_results_relative_noise_20pct,relative_noise,0.2,2024-06-16,PPO,1.0352162480626783,4106.32568359375,3559.048095703125,-0.06549156457185745,0.0,290.1766052246094,8.26915168762207,200,3545.7258735656737,20251002_072826
MIQP_piecewise_results_relative_noise_20pct,relative_noise,0.2,2024-07-04,MIQP,0.0,3840.5947265625,3840.5947265625,0.0,0.0,429.05181884765625,0.0,0,0.0,20251002_072834
MIQP_piecewise_results_relative_noise_20pct,relative_noise,0.2,2024-07-04,PPO,1.0464830452748868,3840.5947265625,3266.21630859375,-6.2379536628723145,0.0,344.8880920410156,8.435422897338867,200,3251.0176610946655,20251002_072834
MIQP_piecewise_results_relative_noise_20pct,relative_noise,0.2,2024-07-09,MIQP,0.0,4202.55615234375,4202.55615234375,0.0,0.0,341.97418212890625,0.0,0,0.0,20251002_072843
MIQP_piecewise_results_relative_noise_20pct,relative_noise,0.2,2024-07-09,PPO,0.8128991171254971,4202.55615234375,3647.259765625,-7.047699928283691,0.0,302.79559326171875,8.42179799079895,200,3628.1529640197755,20251002_072843
MIQP_piecewise_results_relative_noise_20pct,relative_noise,0.2,2024-07-19,MIQP,0.0,3579.1171875,3579.1171875,0.0,0.0,210.2372283935547,0.0,0,0.0,20251002_072851
MIQP_piecewise_results_relative_noise_20pct,relative_noise,0.2,2024-07-19,PPO,0.5362743962013709,3579.1171875,3319.601318359375,-89.0755844116211,0.0,208.8103485107422,8.540684938430786,200,3111.1056076049804,20251002_072851
MIQP_piecewise_results_relative_noise_20pct,relative_noise,0.2,2024-08-03,MIQP,0.0,3522.1513671875,3522.1513671875,0.0,0.0,296.76641845703125,0.0,0,0.0,20251002_072900
MIQP_piecewise_results_relative_noise_20pct,relative_noise,0.2,2024-08-03,PPO,0.6519374321399685,3522.1513671875,3612.9755859375,0.0970458984375,0.0,294.52813720703125,8.668567657470703,200,3399.046173095703,20251002_072900
MIQP_piecewise_results_relative_noise_20pct,relative_noise,0.2,2024-08-05,MIQP,0.0,5405.15869140625,5405.15869140625,0.0,0.0,341.58074951171875,0.0,0,0.0,20251002_072909
MIQP_piecewise_results_relative_noise_20pct,relative_noise,0.2,2024-08-05,PPO,0.8948420619587696,5405.15869140625,4816.970703125,-38.93801498413086,0.0,304.9510498046875,8.66063928604126,200,4670.538760375976,20251002_072909
MIQP_piecewise_results_relative_noise_20pct,relative_noise,0.2,2024-08-09,MIQP,0.0,4569.33740234375,4569.33740234375,0.0,0.0,387.1482238769531,0.0,0,0.0,20251002_072917
MIQP_piecewise_results_relative_noise_20pct,relative_noise,0.2,2024-08-09,PPO,0.9273360369516304,4569.33740234375,3910.671875,0.0,0.0,319.18792724609375,8.796985626220703,200,3852.5075319290163,20251002_072917
MIQP_piecewise_results_relative_noise_20pct,relative_noise,0.2,2024-08-15,MIQP,0.0,4988.4404296875,4988.4404296875,0.0,0.0,291.16168212890625,0.0,0,0.0,20251002_072926
MIQP_piecewise_results_relative_noise_20pct,relative_noise,0.2,2024-08-15,PPO,0.8197317676663216,4988.4404296875,4419.3359375,-61.22296142578125,0.0,267.3627624511719,8.566251993179321,200,4169.804462051392,20251002_072926
MIQP_piecewise_results_relative_noise_20pct,relative_noise,0.2,2024-10-05,MIQP,0.0,3578.208251953125,3578.208251953125,0.0,366.80364990234375,192.08677673339844,0.0,0,0.0,20251002_072935
MIQP_piecewise_results_relative_noise_20pct,relative_noise,0.2,2024-10-05,PPO,1.0269343919333425,3578.208251953125,3806.64990234375,-253.17483520507812,574.9530639648438,193.43321228027344,8.707722187042236,200,3468.2605697631834,20251002_072935
MIQP_piecewise_results_relative_noise_20pct,relative_noise,0.2,2024-10-21,MIQP,0.0,5475.35595703125,5475.35595703125,0.0,0.0,226.0908660888672,0.0,0,0.0,20251002_072943
MIQP_piecewise_results_relative_noise_20pct,relative_noise,0.2,2024-10-21,PPO,0.6968312691751715,5475.35595703125,4791.92724609375,-105.07354736328125,0.0,191.0338592529297,8.269137859344482,200,4660.002783966064,20251002_072943
MIQP_piecewise_results_relative_noise_20pct,relative_noise,0.2,2024-11-21,MIQP,0.0,3814.30078125,3814.30078125,0.0,623.77734375,217.5484161376953,0.0,0,0.0,20251002_072952
MIQP_piecewise_results_relative_noise_20pct,relative_noise,0.2,2024-11-21,PPO,0.8681145411190272,3814.30078125,3956.306396484375,-162.2683563232422,800.979736328125,222.6566619873047,8.398714542388916,200,4003.4371795654297,20251002_072952
MIQP_piecewise_results_relative_noise_20pct,relative_noise,0.2,2024-12-12,MIQP,0.0,19834.1875,19834.1875,0.0,1385.820556640625,321.8813781738281,0.0,0,0.0,20251002_073000
MIQP_piecewise_results_relative_noise_20pct,relative_noise,0.2,2024-12-12,PPO,1.1480832681684072,19834.1875,18532.564453125,547.9421997070312,665.2067260742188,282.3437194824219,8.90246319770813,200,20360.530187988283,20251002_073000
MIQP_piecewise_results_relative_noise_20pct,relative_noise,0.2,2024-12-13,MIQP,0.0,7777.08544921875,7777.08544921875,0.0,790.3118286132812,312.84527587890625,0.0,0,0.0,20251002_073009
MIQP_piecewise_results_relative_noise_20pct,relative_noise,0.2,2024-12-13,PPO,1.1506088902122449,7777.08544921875,7744.9619140625,-126.19119262695312,0.0,271.6688232421875,8.2127366065979,200,6988.130386352539,20251002_073009
MIQP_piecewise_results_relative_noise_30pct,relative_noise,0.3,2024-01-09,MIQP,0.0,2899.5,2899.5,0.0,770.3814697265625,164.42971801757812,0.0,0,0.0,20251002_073017
MIQP_piecewise_results_relative_noise_30pct,relative_noise,0.3,2024-01-09,PPO,1.2422652793134676,2899.5,2234.9814453125,588.5531005859375,1053.3330078125,203.8723602294922,7.746320009231567,200,3905.7778442382814,20251002_073017
MIQP_piecewise_results_relative_noise_30pct,relative_noise,0.3,2024-01-30,MIQP,0.0,2140.052001953125,2140.052001953125,0.0,0.0,108.87682342529297,0.0,0,0.0,20251002_073024
MIQP_piecewise_results_relative_noise_30pct,relative_noise,0.3,2024-01-30,PPO,0.6470279063232901,2140.052001953125,1541.228515625,-20.663555145263672,0.0,123.64615631103516,7.8262858390808105,200,1541.972817993164,20251002_073024
MIQP_piecewise_results_relative_noise_30pct,relative_noise,0.3,2024-02-06,MIQP,0.0,3181.430419921875,3181.430419921875,0.0,196.97787475585938,246.97813415527344,0.0,0,0.0,20251002_073032
MIQP_piecewise_results_relative_noise_30pct,relative_noise,0.3,2024-02-06,PPO,0.809104357351214,3181.430419921875,3112.064697265625,-39.187164306640625,18.55425262451172,223.4844970703125,7.806466102600098,200,2949.788193511963,20251002_073032
MIQP_piecewise_results_relative_noise_30pct,relative_noise,0.3,2024-02-14,MIQP,0.0,1538.038330078125,1538.038330078125,0.0,311.88897705078125,110.32979583740234,0.0,0,0.0,20251002_073040
MIQP_piecewise_results_relative_noise_30pct,relative_noise,0.3,2024-02-14,PPO,0.6859378451000127,1538.038330078125,1636.510986328125,-115.16462707519531,87.07212829589844,113.09590148925781,7.476561546325684,200,1388.9930603027344,20251002_073040
MIQP_piecewise_results_relative_noise_30pct,relative_noise,0.3,2024-03-23,MIQP,0.0,1951.3050537109375,1951.3050537109375,0.0,0.0,254.30821228027344,0.0,0,0.0,20251002_073048
MIQP_piecewise_results_relative_noise_30pct,relative_noise,0.3,2024-03-23,PPO,0.5607221119570303,1951.3050537109375,1936.688720703125,-4.09351110458374,0.0,250.40428161621094,7.702845573425293,200,1897.0915998458863,20251002_073048
MIQP_piecewise_results_relative_noise_30pct,relative_noise,0.3,2024-04-09,MIQP,0.0,1947.4915771484375,1947.4915771484375,0.0,101.83212280273438,188.40542602539062,0.0,0,0.0,20251002_073055
MIQP_piecewise_results_relative_noise_30pct,relative_noise,0.3,2024-04-09,PPO,1.0704322650656348,1947.4915771484375,2038.5626220703125,-69.35660552978516,0.0,204.36965942382812,7.829755783081055,200,1805.9108139038085,20251002_073055
MIQP_piecewise_results_relative_noise_30pct,relative_noise,0.3,2024-04-24,MIQP,0.0,3162.564453125,3162.564453125,0.0,0.0,179.34666442871094,0.0,0,0.0,20251002_073103
MIQP_piecewise_results_relative_noise_30pct,relative_noise,0.3,2024-04-24,PPO,0.5534598779072464,3162.564453125,2800.57470703125,-63.41292953491211,0.0,185.0819549560547,7.625112771987915,200,2627.839454650879,20251002_073103
MIQP_piecewise_results_relative_noise_30pct,relative_noise,0.3,2024-06-16,MIQP,0.0,3932.054931640625,3932.054931640625,0.0,0.0,358.0558776855469,0.0,0,0.0,20251002_073111
MIQP_piecewise_results_relative_noise_30pct,relative_noise,0.3,2024-06-16,PPO,0.9310436828162004,3932.054931640625,3521.32568359375,-0.06549156457185745,0.0,287.2670593261719,7.577812910079956,200,3527.158893585205,20251002_073111
MIQP_piecewise_results_relative_noise_30pct,relative_noise,0.3,2024-07-04,MIQP,0.0,3825.877197265625,3825.877197265625,0.0,0.0,428.5660705566406,0.0,0,0.0,20251002_073119
MIQP_piecewise_results_relative_noise_30pct,relative_noise,0.3,2024-07-04,PPO,0.9445404014491086,3825.877197265625,3310.25244140625,-2.718437433242798,0.0,356.2912292480469,7.887842655181885,200,3300.936199402809,20251002_073119
MIQP_piecewise_results_relative_noise_30pct,relative_noise,0.3,2024-07-09,MIQP,0.0,4228.62158203125,4228.62158203125,0.0,0.0,341.8258361816406,0.0,0,0.0,20251002_073126
MIQP_piecewise_results_relative_noise_30pct,relative_noise,0.3,2024-07-09,PPO,0.667061574873885,4228.62158203125,4116.95068359375,46.95878601074219,0.0,333.0882263183594,7.659397840499878,200,4156.34510269165,20251002_073126
MIQP_piecewise_results_relative_noise_30pct,relative_noise,0.3,2024-07-19,MIQP,0.0,3762.003173828125,3762.003173828125,0.0,0.0,212.0463104248047,0.0,0,0.0,20251002_073134
MIQP_piecewise_results_relative_noise_30pct,relative_noise,0.3,2024-07-19,PPO,0.6565243931557652,3762.003173828125,3537.411865234375,-89.36605834960938,0.0,216.8337860107422,7.714660167694092,200,3177.6109008789062,20251002_073134
MIQP_piecewise_results_relative_noise_30pct,relative_noise,0.3,2024-08-03,MIQP,0.0,3529.194091796875,3529.194091796875,0.0,0.0,294.18267822265625,0.0,0,0.0,20251002_073142
MIQP_piecewise_results_relative_noise_30pct,relative_noise,0.3,2024-08-03,PPO,0.8910096339352587,3529.194091796875,2792.690673828125,-53.54722213745117,0.0,252.9452362060547,7.895473003387451,200,2644.2263412475586,20251002_073142
MIQP_piecewise_results_relative_noise_30pct,relative_noise,0.3,2024-08-05,MIQP,0.0,4970.33251953125,4970.33251953125,0.0,0.0,314.7169494628906,0.0,0,0.0,20251002_073150
MIQP_piecewise_results_relative_noise_30pct,relative_noise,0.3,2024-08-05,PPO,0.6786814024218801,4970.33251953125,4633.6435546875,-7.51478910446167,0.0,299.1410217285156,7.6850266456604,200,4624.2691650390625,20251002_073150
MIQP_piecewise_results_relative_noise_30pct,relative_noise,0.3,2024-08-09,MIQP,0.0,4454.73681640625,4454.73681640625,0.0,0.0,393.1983947753906,0.0,0,0.0,20251002_073158
MIQP_piecewise_results_relative_noise_30pct,relative_noise,0.3,2024-08-09,PPO,0.8904287447585351,4454.73681640625,4028.5400390625,0.0,0.0,328.69720458984375,7.700982332229614,200,4035.0006380081177,20251002_073158
MIQP_piecewise_results_relative_noise_30pct,relative_noise,0.3,2024-08-15,MIQP,0.0,4685.24658203125,4685.24658203125,0.0,0.0,277.37744140625,0.0,0,0.0,20251002_073205
MIQP_piecewise_results_relative_noise_30pct,relative_noise,0.3,2024-08-15,PPO,0.8704118176520416,4685.24658203125,4212.18603515625,-60.29126739501953,0.0,257.2186584472656,7.752769470214844,200,4094.428525161743,20251002_073205
MIQP_piecewise_results_relative_noise_30pct,relative_noise,0.3,2024-10-05,MIQP,0.0,3558.885009765625,3558.885009765625,0.0,202.81439208984375,186.87742614746094,0.0,0,0.0,20251002_073213
MIQP_piecewise_results_relative_noise_30pct,relative_noise,0.3,2024-10-05,PPO,1.0550915542321524,3558.885009765625,3789.322509765625,-197.79063415527344,125.28959655761719,197.06155395507812,7.859766721725464,200,3300.832762145996,20251002_073213
MIQP_piecewise_results_relative_noise_30pct,relative_noise,0.3,2024-10-21,MIQP,0.0,5638.36279296875,5638.36279296875,0.0,180.4385223388672,234.8051300048828,0.0,0,0.0,20251002_073221
MIQP_piecewise_results_relative_noise_30pct,relative_noise,0.3,2024-10-21,PPO,0.671196516898947,5638.36279296875,5239.3017578125,-69.1700439453125,0.0,206.57151794433594,7.682647228240967,200,5180.468967437744,20251002_073221
MIQP_piecewise_results_relative_noise_30pct,relative_noise,0.3,2024-11-21,MIQP,0.0,3786.740966796875,3786.740966796875,0.0,807.9996948242188,219.53489685058594,0.0,0,0.0,20251002_073229
MIQP_piecewise_results_relative_noise_30pct,relative_noise,0.3,2024-11-21,PPO,0.8112362634567395,3786.740966796875,4046.283447265625,-241.05902099609375,600.8361206054688,217.95054626464844,7.787852048873901,200,3944.547930908203,20251002_073229
MIQP_piecewise_results_relative_noise_30pct,relative_noise,0.3,2024-12-12,MIQP,0.0,19694.990234375,19694.990234375,0.0,1656.6343994140625,320.2305603027344,0.0,0,0.0,20251002_073237
MIQP_piecewise_results_relative_noise_30pct,relative_noise,0.3,2024-12-12,PPO,1.2308275636370627,19694.990234375,18296.55859375,848.3319091796875,1977.513671875,290.55731201171875,8.214729309082031,200,20765.712640380858,20251002_073237
MIQP_piecewise_results_relative_noise_30pct,relative_noise,0.3,2024-12-13,MIQP,0.0,7768.1015625,7768.1015625,0.0,729.4121704101562,307.1615905761719,0.0,0,0.0,20251002_073246
MIQP_piecewise_results_relative_noise_30pct,relative_noise,0.3,2024-12-13,PPO,1.2525215551730045,7768.1015625,7111.591796875,599.6390991210938,0.0,272.5851135253906,8.492969036102295,200,7254.93251953125,20251002_073246
MIQP_piecewise_results_relative_noise_40pct,relative_noise,0.4,2024-01-09,MIQP,0.0,2899.146728515625,2899.146728515625,0.0,629.9002075195312,162.91372680664062,0.0,0,0.0,20251002_073254
MIQP_piecewise_results_relative_noise_40pct,relative_noise,0.4,2024-01-09,PPO,0.9126275103009259,2899.146728515625,3010.9609375,-154.69110107421875,1054.99462890625,196.95384216308594,8.378316402435303,200,3585.6134185791016,20251002_073254
MIQP_piecewise_results_relative_noise_40pct,relative_noise,0.4,2024-01-30,MIQP,0.0,2130.642333984375,2130.642333984375,0.0,0.0,118.94056701660156,0.0,0,0.0,20251002_073302
MIQP_piecewise_results_relative_noise_40pct,relative_noise,0.4,2024-01-30,PPO,0.5296747632022817,2130.642333984375,1952.61669921875,-24.878801345825195,0.0,136.05111694335938,7.958211660385132,200,1879.430012512207,20251002_073302
MIQP_piecewise_results_relative_noise_40pct,relative_noise,0.4,2024-02-06,MIQP,0.0,3121.664306640625,3121.664306640625,0.0,245.787109375,237.17333984375,0.0,0,0.0,20251002_073310
MIQP_piecewise_results_relative_noise_40pct,relative_noise,0.4,2024-02-06,PPO,0.8436557779569406,3121.664306640625,3196.04345703125,-81.61114501953125,171.67852783203125,228.6835479736328,8.349040508270264,200,3090.8895820617677,20251002_073310
MIQP_piecewise_results_relative_noise_40pct,relative_noise,0.4,2024-02-14,MIQP,0.0,1508.5269775390625,1508.5269775390625,0.0,468.40380859375,107.3441390991211,0.0,0,0.0,20251002_073319
MIQP_piecewise_results_relative_noise_40pct,relative_noise,0.4,2024-02-14,PPO,0.893750558736957,1508.5269775390625,1592.454345703125,-131.3006134033203,218.88436889648438,116.28205871582031,8.174647808074951,200,1387.3523666381836,20251002_073319
MIQP_piecewise_results_relative_noise_40pct,relative_noise,0.4,2024-03-23,MIQP,0.0,1875.45947265625,1875.45947265625,0.0,0.0,240.6172332763672,0.0,0,0.0,20251002_073327
MIQP_piecewise_results_relative_noise_40pct,relative_noise,0.4,2024-03-23,PPO,0.6899591010395497,1875.45947265625,1895.9888916015625,-3.7960870265960693,0.0,250.03648376464844,8.144022226333618,200,1870.4405279159546,20251002_073327
MIQP_piecewise_results_relative_noise_40pct,relative_noise,0.4,2024-04-09,MIQP,0.0,1934.068359375,1934.068359375,0.0,172.10818481445312,190.772216796875,0.0,0,0.0,20251002_073335
MIQP_piecewise_results_relative_noise_40pct,relative_noise,0.4,2024-04-09,PPO,1.2078027246290461,1934.068359375,2018.142822265625,-18.093936920166016,83.94316864013672,213.9773712158203,8.137878894805908,200,1937.4257820129394,20251002_073335
MIQP_piecewise_results_relative_noise_40pct,relative_noise,0.4,2024-04-24,MIQP,0.0,3415.587890625,3415.587890625,0.0,0.0,186.75466918945312,0.0,0,0.0,20251002_073343
MIQP_piecewise_results_relative_noise_40pct,relative_noise,0.4,2024-04-24,PPO,0.6816361213047905,3415.587890625,2667.020751953125,-56.36817932128906,0.0,178.9010467529297,8.14947247505188,200,2476.313056945801,20251002_073343
MIQP_piecewise_results_relative_noise_40pct,relative_noise,0.4,2024-06-16,MIQP,0.0,3965.99169921875,3965.99169921875,0.0,0.0,349.3814697265625,0.0,0,0.0,20251002_073351
MIQP_piecewise_results_relative_noise_40pct,relative_noise,0.4,2024-06-16,PPO,0.822634656206302,3965.99169921875,3597.27490234375,-0.06549156457185745,0.0,292.3445739746094,8.121299266815186,200,3598.146004486084,20251002_073351
MIQP_piecewise_results_relative_noise_40pct,relative_noise,0.4,2024-07-04,MIQP,0.0,3660.26513671875,3660.26513671875,0.0,0.0,409.1073913574219,0.0,0,0.0,20251002_073400
MIQP_piecewise_results_relative_noise_40pct,relative_noise,0.4,2024-07-04,PPO,0.9652292250011321,3660.26513671875,3228.08447265625,-8.340784072875977,0.0,339.3481750488281,8.436594724655151,200,3199.150367498398,20251002_073400
MIQP_piecewise_results_relative_noise_40pct,relative_noise,0.4,2024-07-09,MIQP,0.0,4156.3076171875,4156.3076171875,0.0,0.0,334.255126953125,0.0,0,0.0,20251002_073408
MIQP_piecewise_results_relative_noise_40pct,relative_noise,0.4,2024-07-09,PPO,0.5458145859896685,4156.3076171875,3936.279052734375,0.0,0.0,318.8410339355469,8.019261360168457,200,3958.0014991760254,20251002_073408
MIQP_piecewise_results_relative_noise_40pct,relative_noise,0.4,2024-07-19,MIQP,0.0,3982.80029296875,3982.80029296875,0.0,39.606956481933594,218.5791015625,0.0,0,0.0,20251002_073416
MIQP_piecewise_results_relative_noise_40pct,relative_noise,0.4,2024-07-19,PPO,0.9560762297746653,3982.80029296875,3050.2626953125,-105.85685729980469,0.0,199.6907958984375,8.244768381118774,200,2825.839392089844,20251002_073416
MIQP_piecewise_results_relative_noise_40pct,relative_noise,0.4,2024-08-03,MIQP,0.0,3367.545654296875,3367.545654296875,0.0,0.0,282.4378356933594,0.0,0,0.0,20251002_073425
MIQP_piecewise_results_relative_noise_40pct,relative_noise,0.4,2024-08-03,PPO,0.643794276928332,3367.545654296875,3347.04443359375,-65.0372314453125,0.0,277.92523193359375,8.290510892868042,200,3109.4125686645507,20251002_073425
MIQP_piecewise_results_relative_noise_40pct,relative_noise,0.4,2024-08-05,MIQP,0.0,5291.7119140625,5291.7119140625,0.0,0.0,319.998779296875,0.0,0,0.0,20251002_073433
MIQP_piecewise_results_relative_noise_40pct,relative_noise,0.4,2024-08-05,PPO,0.6559388319481296,5291.7119140625,4854.24853515625,-6.1804304122924805,0.0,308.7855529785156,8.604724645614624,200,4971.1908309936525,20251002_073433
MIQP_piecewise_results_relative_noise_40pct,relative_noise,0.4,2024-08-09,MIQP,0.0,4222.47509765625,4222.47509765625,0.0,0.0,358.0758972167969,0.0,0,0.0,20251002_073441
MIQP_piecewise_results_relative_noise_40pct,relative_noise,0.4,2024-08-09,PPO,0.706149488828161,4222.47509765625,4095.790283203125,-9.731225967407227,0.0,331.9764709472656,8.107678890228271,200,4043.677617073059,20251002_073441
MIQP_piecewise_results_relative_noise_40pct,relative_noise,0.4,2024-08-15,MIQP,0.0,4593.7861328125,4593.7861328125,0.0,0.0,274.6703796386719,0.0,0,0.0,20251002_073449
MIQP_piecewise_results_relative_noise_40pct,relative_noise,0.4,2024-08-15,PPO,0.8167669747167573,4593.7861328125,3914.580078125,-58.698753356933594,0.0,245.04971313476562,7.757628440856934,200,3713.634178543091,20251002_073449
MIQP_piecewise_results_relative_noise_40pct,relative_noise,0.4,2024-10-05,MIQP,0.0,3520.096923828125,3520.096923828125,0.0,223.13360595703125,176.4401397705078,0.0,0,0.0,20251002_073457
MIQP_piecewise_results_relative_noise_40pct,relative_noise,0.4,2024-10-05,PPO,1.184063356893428,3520.096923828125,2931.692626953125,-138.13368225097656,0.0,183.7040252685547,7.8300461769104,200,2521.54665222168,20251002_073457
MIQP_piecewise_results_relative_noise_40pct,relative_noise,0.4,2024-10-21,MIQP,0.0,5508.2158203125,5508.2158203125,0.0,92.61589050292969,222.21914672851562,0.0,0,0.0,20251002_073505
MIQP_piecewise_results_relative_noise_40pct,relative_noise,0.4,2024-10-21,PPO,0.6408873490282921,5508.2158203125,5447.53076171875,-51.91100311279297,0.0,214.60220336914062,7.521800518035889,200,5402.28833694458,20251002_073505
MIQP_piecewise_results_relative_noise_40pct,relative_noise,0.4,2024-11-21,MIQP,0.0,3816.88232421875,3816.88232421875,0.0,667.2568969726562,216.4223175048828,0.0,0,0.0,20251002_073512
MIQP_piecewise_results_relative_noise_40pct,relative_noise,0.4,2024-11-21,PPO,0.8461704985953169,3816.88232421875,3424.397705078125,-175.15438842773438,0.0,198.53968811035156,7.6876983642578125,200,3219.828732299805,20251002_073512
MIQP_piecewise_results_relative_noise_40pct,relative_noise,0.4,2024-12-12,MIQP,0.0,17792.08984375,17792.08984375,0.0,0.0,281.51153564453125,0.0,0,0.0,20251002_073520
MIQP_piecewise_results_relative_noise_40pct,relative_noise,0.4,2024-12-12,PPO,1.0790444727140394,17792.08984375,17903.166015625,-279.5655822753906,0.0,266.0176696777344,7.6950883865356445,200,17414.955633544923,20251002_073520
MIQP_piecewise_results_relative_noise_40pct,relative_noise,0.4,2024-12-13,MIQP,0.0,7635.1943359375,7635.1943359375,0.0,1212.043212890625,313.8157958984375,0.0,0,0.0,20251002_073528
MIQP_piecewise_results_relative_noise_40pct,relative_noise,0.4,2024-12-13,PPO,1.3030476228065835,7635.1943359375,6721.189453125,931.3601684570312,1000.6554565429688,282.76214599609375,7.786631345748901,200,8419.521334838868,20251002_073528
MIQP_piecewise_results_relative_noise_50pct,relative_noise,0.5,2024-01-09,MIQP,0.0,2833.664306640625,2833.664306640625,0.0,1061.989501953125,169.7016143798828,0.0,0,0.0,20251002_073536
MIQP_piecewise_results_relative_noise_50pct,relative_noise,0.5,2024-01-09,PPO,1.211372058911826,2833.664306640625,2240.064453125,486.70721435546875,1690.6488037109375,207.4606475830078,7.576692581176758,200,4291.301751708985,20251002_073536
MIQP_piecewise_results_relative_noise_50pct,relative_noise,0.5,2024-01-30,MIQP,0.0,2188.708251953125,2188.708251953125,0.0,195.42506408691406,136.03321838378906,0.0,0,0.0,20251002_073543
MIQP_piecewise_results_relative_noise_50pct,relative_noise,0.5,2024-01-30,PPO,0.4092815393002419,2188.708251953125,2204.236572265625,-9.210287094116211,48.7387580871582,148.87059020996094,7.371714353561401,200,2212.7897521972654,20251002_073543
MIQP_piecewise_results_relative_noise_50pct,relative_noise,0.5,2024-02-06,MIQP,0.0,3103.9091796875,3103.9091796875,0.0,24.03050422668457,221.3352508544922,0.0,0,0.0,20251002_073550
MIQP_piecewise_results_relative_noise_50pct,relative_noise,0.5,2024-02-06,PPO,1.7766160641208057,3103.9091796875,1488.0413818359375,-137.41270446777344,0.0,174.2672882080078,7.478554964065552,200,844.2887138366699,20251002_073550
MIQP_piecewise_results_relative_noise_50pct,relative_noise,0.5,2024-02-14,MIQP,0.0,1517.8236083984375,1517.8236083984375,0.0,531.9920654296875,114.91438293457031,0.0,0,0.0,20251002_073558
MIQP_piecewise_results_relative_noise_50pct,relative_noise,0.5,2024-02-14,PPO,0.8600487664193704,1517.8236083984375,1647.4407958984375,-119.87175750732422,165.28746032714844,115.3235092163086,7.3959641456604,200,1472.493519592285,20251002_073558
MIQP_piecewise_results_relative_noise_50pct,relative_noise,0.5,2024-03-23,MIQP,0.0,1927.845703125,1927.845703125,0.0,0.0,244.8310546875,0.0,0,0.0,20251002_073606
MIQP_piecewise_results_relative_noise_50pct,relative_noise,0.5,2024-03-23,PPO,0.6922227973503842,1927.845703125,1976.5936279296875,-4.595698833465576,0.0,253.2744903564453,7.832528829574585,200,1924.9886125564576,20251002_073606
MIQP_piecewise_results_relative_noise_50pct,relative_noise,0.5,2024-04-09,MIQP,0.0,1919.649169921875,1919.649169921875,0.0,130.7275390625,183.77694702148438,0.0,0,0.0,20251002_073614
MIQP_piecewise_results_relative_noise_50pct,relative_noise,0.5,2024-04-09,PPO,1.421764804285937,1919.649169921875,1493.1602783203125,-46.86518859863281,0.0,194.0059051513672,7.867027521133423,200,1315.7947052001953,20251002_073614
MIQP_piecewise_results_relative_noise_50pct,relative_noise,0.5,2024-04-24,MIQP,0.0,3036.8037109375,3036.8037109375,0.0,0.0,162.9892578125,0.0,0,0.0,20251002_073622
MIQP_piecewise_results_relative_noise_50pct,relative_noise,0.5,2024-04-24,PPO,0.8515512181962644,3036.8037109375,3481.15087890625,-18.876609802246094,0.0,207.62754821777344,8.071143388748169,200,3574.3547546386717,20251002_073622
MIQP_piecewise_results_relative_noise_50pct,relative_noise,0.5,2024-06-16,MIQP,0.0,3690.80078125,3690.80078125,0.0,0.0,325.49810791015625,0.0,0,0.0,20251002_073630
MIQP_piecewise_results_relative_noise_50pct,relative_noise,0.5,2024-06-16,PPO,0.8884104274045572,3690.80078125,3479.594970703125,-0.06549156457185745,0.0,283.79766845703125,8.59324336051941,200,3452.9547172546386,20251002_073630
MIQP_piecewise_results_relative_noise_50pct,relative_noise,0.5,2024-07-04,MIQP,0.0,3708.8017578125,3708.8017578125,0.0,0.0,405.5767517089844,0.0,0,0.0,20251002_073639
MIQP_piecewise_results_relative_noise_50pct,relative_noise,0.5,2024-07-04,PPO,0.9049477621553721,3708.8017578125,3263.79541015625,-2.5382919311523438,0.0,346.4213562011719,8.396108388900757,200,3260.270342350006,20251002_073639
MIQP_piecewise_results_relative_noise_50pct,relative_noise,0.5,2024-07-09,MIQP,0.0,4086.649658203125,4086.649658203125,0.0,0.0,313.2482604980469,0.0,0,0.0,20251002_073648
MIQP_piecewise_results_relative_noise_50pct,relative_noise,0.5,2024-07-09,PPO,0.5994961725013959,4086.649658203125,3709.104248046875,0.0,0.0,306.1452331542969,8.633862018585205,200,3666.4510276794435,20251002_073648
MIQP_piecewise_results_relative_noise_50pct,relative_noise,0.5,2024-07-19,MIQP,0.0,3553.893310546875,3553.893310546875,0.0,0.0,200.64190673828125,0.0,0,0.0,20251002_073656
MIQP_piecewise_results_relative_noise_50pct,relative_noise,0.5,2024-07-19,PPO,0.874948457001557,3553.893310546875,3755.322998046875,-108.50838470458984,0.0,222.26878356933594,8.004074335098267,200,3494.2247619628906,20251002_073656
MIQP_piecewise_results_relative_noise_50pct,relative_noise,0.5,2024-08-03,MIQP,0.0,3449.781982421875,3449.781982421875,0.0,0.0,282.7297058105469,0.0,0,0.0,20251002_073704
MIQP_piecewise_results_relative_noise_50pct,relative_noise,0.5,2024-08-03,PPO,0.7678009274048835,3449.781982421875,3201.6083984375,-59.758705139160156,0.0,272.1636962890625,8.026533365249634,200,2908.7140975952148,20251002_073704
MIQP_piecewise_results_relative_noise_50pct,relative_noise,0.5,2024-08-05,MIQP,0.0,4745.65234375,4745.65234375,0.0,0.0,307.0407409667969,0.0,0,0.0,20251002_073712
MIQP_piecewise_results_relative_noise_50pct,relative_noise,0.5,2024-08-05,PPO,0.7687709578229844,4745.65234375,5149.46044921875,-30.414936065673828,0.0,320.8265075683594,8.348888635635376,200,5060.585014343262,20251002_073712
MIQP_piecewise_results_relative_noise_50pct,relative_noise,0.5,2024-08-09,MIQP,0.0,4404.68701171875,4404.68701171875,0.0,0.0,359.9388122558594,0.0,0,0.0,20251002_073720
MIQP_piecewise_results_relative_noise_50pct,relative_noise,0.5,2024-08-09,PPO,0.880521605875692,4404.68701171875,3698.56494140625,-24.70871925354004,0.0,304.7763977050781,8.244781732559204,200,3626.516307258606,20251002_073720
MIQP_piecewise_results_relative_noise_50pct,relative_noise,0.5,2024-08-15,MIQP,0.0,4724.65380859375,4724.65380859375,0.0,0.0,269.5177307128906,0.0,0,0.0,20251002_073729
MIQP_piecewise_results_relative_noise_50pct,relative_noise,0.5,2024-08-15,PPO,0.8891006226378257,4724.65380859375,4247.287109375,-86.582763671875,0.0,244.7382354736328,8.230161666870117,200,3990.2783237457274,20251002_073729
MIQP_piecewise_results_relative_noise_50pct,relative_noise,0.5,2024-10-05,MIQP,0.0,3455.067626953125,3455.067626953125,0.0,290.6460266113281,174.65567016601562,0.0,0,0.0,20251002_073737
MIQP_piecewise_results_relative_noise_50pct,relative_noise,0.5,2024-10-05,PPO,1.2065949073043205,3455.067626953125,3471.840576171875,-177.26565551757812,0.0,187.03201293945312,8.719294548034668,200,2841.7771423339846,20251002_073737
MIQP_piecewise_results_relative_noise_50pct,relative_noise,0.5,2024-10-21,MIQP,0.0,5524.244140625,5524.244140625,0.0,159.36000061035156,230.3537139892578,0.0,0,0.0,20251002_073746
MIQP_piecewise_results_relative_noise_50pct,relative_noise,0.5,2024-10-21,PPO,0.6510284787926439,5524.244140625,5073.50927734375,-66.91777801513672,0.0,202.70692443847656,8.222257852554321,200,4944.445398712158,20251002_073746
MIQP_piecewise_results_relative_noise_50pct,relative_noise,0.5,2024-11-21,MIQP,0.0,3752.18115234375,3752.18115234375,0.0,306.6620178222656,203.81944274902344,0.0,0,0.0,20251002_073754
MIQP_piecewise_results_relative_noise_50pct,relative_noise,0.5,2024-11-21,PPO,0.9195653788712475,3752.18115234375,3933.15673828125,-192.89149475097656,1165.7728271484375,226.176513671875,8.464202165603638,200,4399.061746215821,20251002_073754
MIQP_piecewise_results_relative_noise_50pct,relative_noise,0.5,2024-12-12,MIQP,0.0,19102.642578125,19102.642578125,0.0,647.6339721679688,297.69830322265625,0.0,0,0.0,20251002_073803
MIQP_piecewise_results_relative_noise_50pct,relative_noise,0.5,2024-12-12,PPO,1.203810084878845,19102.642578125,18255.9140625,460.21563720703125,963.8999633789062,283.3623962402344,8.388876914978027,200,19356.568548583986,20251002_073803
MIQP_piecewise_results_relative_noise_50pct,relative_noise,0.5,2024-12-13,MIQP,0.0,7586.7236328125,7586.7236328125,0.0,766.3477783203125,289.86065673828125,0.0,0,0.0,20251002_073811
MIQP_piecewise_results_relative_noise_50pct,relative_noise,0.5,2024-12-13,PPO,2.036539442542311,7586.7236328125,7327.95751953125,-33.232635498046875,759.3992919921875,246.18289184570312,8.24266242980957,200,7699.423080444336,20251002_073811
MIQP_piecewise_results_relative_noise_60pct,relative_noise,0.6,2024-01-09,MIQP,0.0,2786.33056640625,2786.33056640625,0.0,1100.753662109375,181.27651977539062,0.0,0,0.0,20251002_073819
MIQP_piecewise_results_relative_noise_60pct,relative_noise,0.6,2024-01-09,PPO,1.2770970217739133,2786.33056640625,2305.7529296875,468.37286376953125,1267.8404541015625,207.1649169921875,7.811789512634277,200,4149.403216552734,20251002_073819
MIQP_piecewise_results_relative_noise_60pct,relative_noise,0.6,2024-01-30,MIQP,0.0,2128.186279296875,2128.186279296875,0.0,545.4641723632812,138.07276916503906,0.0,0,0.0,20251002_073827
MIQP_piecewise_results_relative_noise_60pct,relative_noise,0.6,2024-01-30,PPO,0.5082343753442812,2128.186279296875,2210.50146484375,-28.215194702148438,114.94209289550781,147.2478790283203,7.866838216781616,200,2179.1349685668947,20251002_073827
MIQP_piecewise_results_relative_noise_60pct,relative_noise,0.6,2024-02-06,MIQP,0.0,3130.00244140625,3130.00244140625,0.0,209.03701782226562,237.7285614013672,0.0,0,0.0,20251002_073836
MIQP_piecewise_results_relative_noise_60pct,relative_noise,0.6,2024-02-06,PPO,0.9609970463327143,3130.00244140625,3095.699951171875,-26.276172637939453,296.3733215332031,233.2803497314453,8.82541823387146,200,3235.8413536071776,20251002_073836
MIQP_piecewise_results_relative_noise_60pct,relative_noise,0.6,2024-02-14,MIQP,0.0,1459.78173828125,1459.78173828125,0.0,391.65814208984375,104.26744842529297,0.0,0,0.0,20251002_073843
MIQP_piecewise_results_relative_noise_60pct,relative_noise,0.6,2024-02-14,PPO,1.0037588799284145,1459.78173828125,1407.5101318359375,-100.17594909667969,0.0,106.3453598022461,7.8499884605407715,200,1073.896681213379,20251002_073843
MIQP_piecewise_results_relative_noise_60pct,relative_noise,0.6,2024-03-23,MIQP,0.0,1832.1190185546875,1832.1190185546875,0.0,0.0,230.8151092529297,0.0,0,0.0,20251002_073852
MIQP_piecewise_results_relative_noise_60pct,relative_noise,0.6,2024-03-23,PPO,0.7643439651989347,1832.1190185546875,1877.34716796875,-4.193933486938477,0.0,242.32627868652344,8.383240222930908,200,1807.8188703536987,20251002_073852
MIQP_piecewise_results_relative_noise_60pct,relative_noise,0.6,2024-04-09,MIQP,0.0,1840.3946533203125,1840.3946533203125,0.0,0.0,166.86427307128906,0.0,0,0.0,20251002_073900
MIQP_piecewise_results_relative_noise_60pct,relative_noise,0.6,2024-04-09,PPO,1.8108007302999414,1840.3946533203125,1665.822509765625,123.44593811035156,369.36444091796875,176.45364379882812,8.521020412445068,200,1987.5063766479493,20251002_073900
MIQP_piecewise_results_relative_noise_60pct,relative_noise,0.6,2024-04-24,MIQP,0.0,3435.15625,3435.15625,0.0,171.33299255371094,192.19285583496094,0.0,0,0.0,20251002_073909
MIQP_piecewise_results_relative_noise_60pct,relative_noise,0.6,2024-04-24,PPO,0.6984308070916738,3435.15625,3220.4482421875,-63.22209930419922,0.0,197.6691436767578,8.417219161987305,200,3087.742837524414,20251002_073909
MIQP_piecewise_results_relative_noise_60pct,relative_noise,0.6,2024-06-16,MIQP,0.0,3554.460693359375,3554.460693359375,0.0,0.0,309.7907409667969,0.0,0,0.0,20251002_073918
MIQP_piecewise_results_relative_noise_60pct,relative_noise,0.6,2024-06-16,PPO,0.7397728786270057,3554.460693359375,3472.743408203125,0.002185654593631625,0.0,285.35748291015625,8.57886028289795,200,3432.296888065338,20251002_073918
MIQP_piecewise_results_relative_noise_60pct,relative_noise,0.6,2024-07-04,MIQP,0.0,3429.566650390625,3429.566650390625,0.0,0.0,376.1327819824219,0.0,0,0.0,20251002_073926
MIQP_piecewise_results_relative_noise_60pct,relative_noise,0.6,2024-07-04,PPO,0.6801873537191769,3429.566650390625,3226.43408203125,0.0,0.0,355.8396911621094,8.715624332427979,200,3227.699677467346,20251002_073926
MIQP_piecewise_results_relative_noise_60pct,relative_noise,0.6,2024-07-09,MIQP,0.0,4112.40771484375,4112.40771484375,0.0,0.0,326.86767578125,0.0,0,0.0,20251002_073935
MIQP_piecewise_results_relative_noise_60pct,relative_noise,0.6,2024-07-09,PPO,0.7000446531028442,4112.40771484375,3447.00927734375,-13.360563278198242,0.0,293.7498474121094,8.644243955612183,200,3399.6673377990724,20251002_073935
MIQP_piecewise_results_relative_noise_60pct,relative_noise,0.6,2024-07-19,MIQP,0.0,4017.779541015625,4017.779541015625,0.0,141.62318420410156,222.76516723632812,0.0,0,0.0,20251002_073943
MIQP_piecewise_results_relative_noise_60pct,relative_noise,0.6,2024-07-19,PPO,1.5549983751447396,4017.779541015625,2039.4603271484375,-169.27137756347656,0.0,174.0148468017578,8.266974687576294,200,1543.674526977539,20251002_073943
MIQP_piecewise_results_relative_noise_60pct,relative_noise,0.6,2024-08-03,MIQP,0.0,3387.622314453125,3387.622314453125,0.0,0.0,274.72607421875,0.0,0,0.0,20251002_073952
MIQP_piecewise_results_relative_noise_60pct,relative_noise,0.6,2024-08-03,PPO,1.3459604214011271,3387.622314453125,2232.19873046875,-66.91942596435547,0.0,227.9915313720703,8.325610160827637,200,1999.2599990844726,20251002_073952
MIQP_piecewise_results_relative_noise_60pct,relative_noise,0.6,2024-08-05,MIQP,0.0,4882.33544921875,4882.33544921875,0.0,0.0,295.6529235839844,0.0,0,0.0,20251002_074000
MIQP_piecewise_results_relative_noise_60pct,relative_noise,0.6,2024-08-05,PPO,0.7516745367063686,4882.33544921875,4830.61572265625,-16.628990173339844,0.0,307.8164367675781,8.168503761291504,200,4864.138798522949,20251002_074000
MIQP_piecewise_results_relative_noise_60pct,relative_noise,0.6,2024-08-09,MIQP,0.0,3825.638671875,3825.638671875,0.0,0.0,335.55767822265625,0.0,0,0.0,20251002_074008
MIQP_piecewise_results_relative_noise_60pct,relative_noise,0.6,2024-08-09,PPO,0.7512014935765301,3825.638671875,4042.02880859375,0.0,0.0,328.7773132324219,8.146153688430786,200,4053.8465089797974,20251002_074008
MIQP_piecewise_results_relative_noise_60pct,relative_noise,0.6,2024-08-15,MIQP,0.0,4164.83544921875,4164.83544921875,0.0,0.0,244.38340759277344,0.0,0,0.0,20251002_074016
MIQP_piecewise_results_relative_noise_60pct,relative_noise,0.6,2024-08-15,PPO,0.9130658052008567,4164.83544921875,3319.510986328125,-47.45569610595703,0.0,227.3390655517578,8.29142427444458,200,3122.982565689087,20251002_074016
MIQP_piecewise_results_relative_noise_60pct,relative_noise,0.6,2024-10-05,MIQP,0.0,3386.152587890625,3386.152587890625,0.0,82.1191177368164,175.23031616210938,0.0,0,0.0,20251002_074025
MIQP_piecewise_results_relative_noise_60pct,relative_noise,0.6,2024-10-05,PPO,1.1410786284896353,3386.152587890625,3718.114013671875,-206.06729125976562,115.1954116821289,192.26742553710938,8.585774898529053,200,3160.934097290039,20251002_074025
MIQP_piecewise_results_relative_noise_60pct,relative_noise,0.6,2024-10-21,MIQP,0.0,5520.22119140625,5520.22119140625,0.0,253.65122985839844,228.61782836914062,0.0,0,0.0,20251002_074034
MIQP_piecewise_results_relative_noise_60pct,relative_noise,0.6,2024-10-21,PPO,0.7742182538644279,5520.22119140625,5531.1357421875,-81.2726821899414,0.0,217.4893341064453,8.53139853477478,200,5296.1728416442875,20251002_074034
MIQP_piecewise_results_relative_noise_60pct,relative_noise,0.6,2024-11-21,MIQP,0.0,3647.35400390625,3647.35400390625,0.0,1124.15185546875,222.6251983642578,0.0,0,0.0,20251002_074042
MIQP_piecewise_results_relative_noise_60pct,relative_noise,0.6,2024-11-21,PPO,1.0940816962061974,3647.35400390625,3937.515625,-194.04074096679688,870.6871337890625,222.29483032226562,8.825552701950073,200,4048.7158599853515,20251002_074042
MIQP_piecewise_results_relative_noise_60pct,relative_noise,0.6,2024-12-12,MIQP,0.0,19227.70703125,19227.70703125,0.0,1406.257080078125,300.6163024902344,0.0,0,0.0,20251002_074052
MIQP_piecewise_results_relative_noise_60pct,relative_noise,0.6,2024-12-12,PPO,1.2602819931857674,19227.70703125,18775.509765625,-247.66844177246094,28.967208862304688,277.48504638671875,9.280603170394897,200,18147.87658996582,20251002_074052
MIQP_piecewise_results_relative_noise_60pct,relative_noise,0.6,2024-12-13,MIQP,0.0,7616.7333984375,7616.7333984375,0.0,168.3839569091797,272.02923583984375,0.0,0,0.0,20251002_074100
MIQP_piecewise_results_relative_noise_60pct,relative_noise,0.6,2024-12-13,PPO,1.5911909439422784,7616.7333984375,5258.12744140625,-252.7635040283203,0.0,253.67947387695312,8.38435697555542,200,4643.931225585938,20251002_074100
MIQP_piecewise_results_relative_noise_70pct,relative_noise,0.7,2024-01-09,MIQP,0.0,2863.3291015625,2863.3291015625,0.0,900.4629516601562,192.0084991455078,0.0,0,0.0,20251002_074109
MIQP_piecewise_results_relative_noise_70pct,relative_noise,0.7,2024-01-09,PPO,0.9172608996239104,2863.3291015625,3068.108154296875,-171.11790466308594,66.98454284667969,178.47727966308594,8.39270281791687,200,2662.475732421875,20251002_074109
MIQP_piecewise_results_relative_noise_70pct,relative_noise,0.7,2024-01-30,MIQP,0.0,2112.97216796875,2112.97216796875,0.0,475.29425048828125,144.19847106933594,0.0,0,0.0,20251002_074117
MIQP_piecewise_results_relative_noise_70pct,relative_noise,0.7,2024-01-30,PPO,0.5621064931166381,2112.97216796875,2200.67431640625,-10.481281280517578,0.0,145.87620544433594,8.131995916366577,200,2133.912072753906,20251002_074117
MIQP_piecewise_results_relative_noise_70pct,relative_noise,0.7,2024-02-06,MIQP,0.0,3023.994140625,3023.994140625,0.0,561.6497802734375,239.3194122314453,0.0,0,0.0,20251002_074126
MIQP_piecewise_results_relative_noise_70pct,relative_noise,0.7,2024-02-06,PPO,0.9700077392843202,3023.994140625,3176.33203125,-71.33811950683594,114.39926147460938,227.7111358642578,8.625450611114502,200,2953.210111236572,20251002_074126
MIQP_piecewise_results_relative_noise_70pct,relative_noise,0.7,2024-02-14,MIQP,0.0,1484.899169921875,1484.899169921875,0.0,785.9841918945312,117.8435287475586,0.0,0,0.0,20251002_074134
MIQP_piecewise_results_relative_noise_70pct,relative_noise,0.7,2024-02-14,PPO,0.9655850780222617,1484.899169921875,1634.3770751953125,-129.7982635498047,272.3996887207031,117.89006805419922,8.428290843963623,200,1514.788023376465,20251002_074134
MIQP_piecewise_results_relative_noise_70pct,relative_noise,0.7,2024-03-23,MIQP,0.0,1727.5899658203125,1727.5899658203125,0.0,0.0,209.97549438476562,0.0,0,0.0,20251002_074142
MIQP_piecewise_results_relative_noise_70pct,relative_noise,0.7,2024-03-23,PPO,0.8008526260878626,1727.5899658203125,1678.4351806640625,-4.16089391708374,0.0,220.6893310546875,7.978513717651367,200,1642.3892812728882,20251002_074142
MIQP_piecewise_results_relative_noise_70pct,relative_noise,0.7,2024-04-09,MIQP,0.0,1872.3428955078125,1872.3428955078125,0.0,56.923194885253906,171.61770629882812,0.0,0,0.0,20251002_074150
MIQP_piecewise_results_relative_noise_70pct,relative_noise,0.7,2024-04-09,PPO,1.1806386609009651,1872.3428955078125,1985.705322265625,-73.1700439453125,0.0,201.33433532714844,8.190938711166382,200,1737.2964630126953,20251002_074150
MIQP_piecewise_results_relative_noise_70pct,relative_noise,0.7,2024-04-24,MIQP,0.0,2964.11328125,2964.11328125,0.0,0.0,158.4654541015625,0.0,0,0.0,20251002_074158
MIQP_piecewise_results_relative_noise_70pct,relative_noise,0.7,2024-04-24,PPO,0.837488891821074,2964.11328125,2766.8251953125,-48.48017120361328,0.0,182.38523864746094,8.028698682785034,200,2598.8990844726563,20251002_074158
MIQP_piecewise_results_relative_noise_70pct,relative_noise,0.7,2024-06-16,MIQP,0.0,3642.76025390625,3642.76025390625,0.0,0.0,327.72137451171875,0.0,0,0.0,20251002_074207
MIQP_piecewise_results_relative_noise_70pct,relative_noise,0.7,2024-06-16,PPO,0.8506532149213898,3642.76025390625,3455.08740234375,0.00247892364859581,0.0,286.125,8.145943403244019,200,3458.1999910354616,20251002_074207
MIQP_piecewise_results_relative_noise_70pct,relative_noise,0.7,2024-07-04,MIQP,0.0,3449.830078125,3449.830078125,0.0,0.0,377.500244140625,0.0,0,0.0,20251002_074215
MIQP_piecewise_results_relative_noise_70pct,relative_noise,0.7,2024-07-04,PPO,0.9112631799406488,3449.830078125,3047.749755859375,-3.781540870666504,0.0,333.49951171875,8.404553174972534,200,3039.2074347019197,20251002_074215
MIQP_piecewise_results_relative_noise_70pct,relative_noise,0.7,2024-07-09,MIQP,0.0,3752.296630859375,3752.296630859375,0.0,0.0,319.2209167480469,0.0,0,0.0,20251002_074223
MIQP_piecewise_results_relative_noise_70pct,relative_noise,0.7,2024-07-09,PPO,0.9253110035532166,3752.296630859375,2813.50390625,-7.13169002532959,0.0,266.47393798828125,8.267138004302979,200,2644.9005531311036,20251002_074223
MIQP_piecewise_results_relative_noise_70pct,relative_noise,0.7,2024-07-19,MIQP,0.0,3526.806396484375,3526.806396484375,0.0,0.0,203.77389526367188,0.0,0,0.0,20251002_074232
MIQP_piecewise_results_relative_noise_70pct,relative_noise,0.7,2024-07-19,PPO,0.797512513321702,3526.806396484375,3575.35498046875,-121.19927978515625,0.0,209.9756622314453,8.518941402435303,200,3150.748416137695,20251002_074232
MIQP_piecewise_results_relative_noise_70pct,relative_noise,0.7,2024-08-03,MIQP,0.0,3401.174072265625,3401.174072265625,0.0,0.0,276.4827575683594,0.0,0,0.0,20251002_074240
MIQP_piecewise_results_relative_noise_70pct,relative_noise,0.7,2024-08-03,PPO,0.9548206214670691,3401.174072265625,3578.764892578125,164.81446838378906,4.585860729217529,295.2869567871094,8.317140340805054,200,3589.039549255371,20251002_074240
MIQP_piecewise_results_relative_noise_70pct,relative_noise,0.7,2024-08-05,MIQP,0.0,5054.64111328125,5054.64111328125,0.0,0.0,300.2671813964844,0.0,0,0.0,20251002_074249
MIQP_piecewise_results_relative_noise_70pct,relative_noise,0.7,2024-08-05,PPO,1.0141415926245068,5054.64111328125,4217.2451171875,-38.71414566040039,0.0,280.6471862792969,8.267556190490723,200,4013.696185302734,20251002_074249
MIQP_piecewise_results_relative_noise_70pct,relative_noise,0.7,2024-08-09,MIQP,0.0,4406.8388671875,4406.8388671875,0.0,0.0,370.3174743652344,0.0,0,0.0,20251002_074257
MIQP_piecewise_results_relative_noise_70pct,relative_noise,0.7,2024-08-09,PPO,0.9321017031498106,4406.8388671875,4056.6904296875,-9.776691436767578,0.0,328.8177185058594,8.229287147521973,200,3997.2263383865356,20251002_074257
MIQP_piecewise_results_relative_noise_70pct,relative_noise,0.7,2024-08-15,MIQP,0.0,4648.29443359375,4648.29443359375,0.0,0.0,258.1599426269531,0.0,0,0.0,20251002_074305
MIQP_piecewise_results_relative_noise_70pct,relative_noise,0.7,2024-08-15,PPO,0.9377071669044201,4648.29443359375,4217.087890625,-73.072509765625,0.0,251.04466247558594,8.255051612854004,200,3976.122095108032,20251002_074305
MIQP_piecewise_results_relative_noise_70pct,relative_noise,0.7,2024-10-05,MIQP,0.0,3358.095703125,3358.095703125,0.0,743.8555908203125,180.5459442138672,0.0,0,0.0,20251002_074313
MIQP_piecewise_results_relative_noise_70pct,relative_noise,0.7,2024-10-05,PPO,1.394867630323703,3358.095703125,3383.755859375,-170.3188934326172,0.0,186.20687866210938,8.252944946289062,200,2803.9370239257814,20251002_074313
MIQP_piecewise_results_relative_noise_70pct,relative_noise,0.7,2024-10-21,MIQP,0.0,5243.04052734375,5243.04052734375,0.0,1000.140625,242.57383728027344,0.0,0,0.0,20251002_074322
MIQP_piecewise_results_relative_noise_70pct,relative_noise,0.7,2024-10-21,PPO,0.6073030874883354,5243.04052734375,5492.74072265625,-14.0775785446167,387.4527893066406,232.86399841308594,8.237494945526123,200,5850.150443267822,20251002_074322
MIQP_piecewise_results_relative_noise_70pct,relative_noise,0.7,2024-11-21,MIQP,0.0,3680.959228515625,3680.959228515625,0.0,863.9802856445312,219.09194946289062,0.0,0,0.0,20251002_074330
MIQP_piecewise_results_relative_noise_70pct,relative_noise,0.7,2024-11-21,PPO,1.227367924746737,3680.959228515625,3691.0625,-41.28471374511719,1766.3128662109375,236.1299285888672,8.39628529548645,200,4826.202926635742,20251002_074330
MIQP_piecewise_results_relative_noise_70pct,relative_noise,0.7,2024-12-12,MIQP,0.0,17996.896484375,17996.896484375,0.0,0.0,279.6288146972656,0.0,0,0.0,20251002_074339
MIQP_piecewise_results_relative_noise_70pct,relative_noise,0.7,2024-12-12,PPO,0.9480333285596819,17996.896484375,19496.712890625,-370.63555908203125,279.4696044921875,278.4494323730469,8.642764806747437,200,18365.57746582031,20251002_074339
MIQP_piecewise_results_relative_noise_70pct,relative_noise,0.7,2024-12-13,MIQP,0.0,7157.40478515625,7157.40478515625,0.0,694.7881469726562,275.6695556640625,0.0,0,0.0,20251002_074347
MIQP_piecewise_results_relative_noise_70pct,relative_noise,0.7,2024-12-13,PPO,1.7000262933728956,7157.40478515625,6773.4169921875,592.9620971679688,631.3871459960938,277.8257751464844,7.976902723312378,200,7805.786535644531,20251002_074347
MIQP_piecewise_results_relative_noise_80pct,relative_noise,0.8,2024-01-09,MIQP,0.0,2773.72412109375,2773.72412109375,0.0,1199.1202392578125,179.0474853515625,0.0,0,0.0,20251002_074355
MIQP_piecewise_results_relative_noise_80pct,relative_noise,0.8,2024-01-09,PPO,1.4018522192031444,2773.72412109375,2617.76416015625,171.0580291748047,1552.1844482421875,206.525390625,7.848988056182861,200,3941.9592620849608,20251002_074355
MIQP_piecewise_results_relative_noise_80pct,relative_noise,0.8,2024-01-30,MIQP,0.0,2133.107177734375,2133.107177734375,0.0,312.1014099121094,139.5465087890625,0.0,0,0.0,20251002_074404
MIQP_piecewise_results_relative_noise_80pct,relative_noise,0.8,2024-01-30,PPO,0.7495302205187332,2133.107177734375,2172.40283203125,-38.1368408203125,236.94052124023438,151.99053955078125,8.897905111312866,200,2344.325787353516,20251002_074404
MIQP_piecewise_results_relative_noise_80pct,relative_noise,0.8,2024-02-06,MIQP,0.0,3106.904052734375,3106.904052734375,0.0,69.2625503540039,228.9051971435547,0.0,0,0.0,20251002_074412
MIQP_piecewise_results_relative_noise_80pct,relative_noise,0.8,2024-02-06,PPO,0.9376316357380097,3106.904052734375,2995.965087890625,15.28200912475586,0.0,218.1170196533203,8.453498601913452,200,2886.0521797180177,20251002_074412
MIQP_piecewise_results_relative_noise_80pct,relative_noise,0.8,2024-02-14,MIQP,0.0,1447.970947265625,1447.970947265625,0.0,865.623779296875,132.47225952148438,0.0,0,0.0,20251002_074420
MIQP_piecewise_results_relative_noise_80pct,relative_noise,0.8,2024-02-14,PPO,1.4232320166602552,1447.970947265625,1481.6942138671875,-101.03840637207031,0.0,112.2719497680664,8.133275508880615,200,1197.3407318115235,20251002_074420
MIQP_piecewise_results_relative_noise_80pct,relative_noise,0.8,2024-03-23,MIQP,0.0,1760.8175048828125,1760.8175048828125,0.0,0.0,218.1150360107422,0.0,0,0.0,20251002_074429
MIQP_piecewise_results_relative_noise_80pct,relative_noise,0.8,2024-03-23,PPO,0.7975348514695,1760.8175048828125,1807.8671875,-4.672550201416016,0.0,232.51683044433594,8.21265721321106,200,1719.7011610031127,20251002_074429
MIQP_piecewise_results_relative_noise_80pct,relative_noise,0.8,2024-04-09,MIQP,0.0,1878.3753662109375,1878.3753662109375,0.0,65.91796112060547,169.24571228027344,0.0,0,0.0,20251002_074437
MIQP_piecewise_results_relative_noise_80pct,relative_noise,0.8,2024-04-09,PPO,1.4364715789250495,1878.3753662109375,1946.976806640625,29.71673583984375,177.3532257080078,200.95753479003906,8.598087072372437,200,1924.4217918395996,20251002_074437
MIQP_piecewise_results_relative_noise_80pct,relative_noise,0.8,2024-04-24,MIQP,0.0,3288.270263671875,3288.270263671875,0.0,0.0,173.2567596435547,0.0,0,0.0,20251002_074446
MIQP_piecewise_results_relative_noise_80pct,relative_noise,0.8,2024-04-24,PPO,0.9145869405986173,3288.270263671875,2774.02685546875,-52.73821258544922,0.0,183.9447479248047,8.43186092376709,200,2574.7389587402345,20251002_074446
MIQP_piecewise_results_relative_noise_80pct,relative_noise,0.8,2024-06-16,MIQP,0.0,3463.23486328125,3463.23486328125,0.0,0.0,318.0149841308594,0.0,0,0.0,20251002_074454
MIQP_piecewise_results_relative_noise_80pct,relative_noise,0.8,2024-06-16,PPO,0.7540309922976015,3463.23486328125,3203.25634765625,-0.024009395390748978,0.0,265.1141052246094,8.090994119644165,200,3160.697502326965,20251002_074454
MIQP_piecewise_results_relative_noise_80pct,relative_noise,0.8,2024-07-04,MIQP,0.0,3592.013916015625,3592.013916015625,0.0,0.0,380.7117614746094,0.0,0,0.0,20251002_074503
MIQP_piecewise_results_relative_noise_80pct,relative_noise,0.8,2024-07-04,PPO,0.9050997978279662,3592.013916015625,3264.9658203125,-3.443732261657715,0.0,346.1307678222656,8.637819766998291,200,3253.8745085954665,20251002_074503
MIQP_piecewise_results_relative_noise_80pct,relative_noise,0.8,2024-07-09,MIQP,0.0,3625.7041015625,3625.7041015625,0.0,0.0,281.7772521972656,0.0,0,0.0,20251002_074511
MIQP_piecewise_results_relative_noise_80pct,relative_noise,0.8,2024-07-09,PPO,0.7961043340046363,3625.7041015625,3128.409423828125,-15.036855697631836,0.0,276.2045593261719,8.497405052185059,200,3026.9520942687986,20251002_074511
MIQP_piecewise_results_relative_noise_80pct,relative_noise,0.8,2024-07-19,MIQP,0.0,3206.794921875,3206.794921875,0.0,0.0,186.10743713378906,0.0,0,0.0,20251002_074520
MIQP_piecewise_results_relative_noise_80pct,relative_noise,0.8,2024-07-19,PPO,1.963802929289061,3206.794921875,195.0089111328125,-126.1092758178711,0.0,152.92689514160156,8.368416786193848,200,-33.22263641357422,20251002_074520
MIQP_piecewise_results_relative_noise_80pct,relative_noise,0.8,2024-08-03,MIQP,0.0,3458.924560546875,3458.924560546875,0.0,0.0,265.64385986328125,0.0,0,0.0,20251002_074528
MIQP_piecewise_results_relative_noise_80pct,relative_noise,0.8,2024-08-03,PPO,0.9280746071716335,3458.924560546875,3743.98046875,-104.2833480834961,173.33847045898438,288.586181640625,8.706028699874878,200,3476.9677291870116,20251002_074528
MIQP_piecewise_results_relative_noise_80pct,relative_noise,0.8,2024-08-05,MIQP,0.0,4842.9580078125,4842.9580078125,0.0,0.0,292.22686767578125,0.0,0,0.0,20251002_074537
MIQP_piecewise_results_relative_noise_80pct,relative_noise,0.8,2024-08-05,PPO,0.8481733398468987,4842.9580078125,3999.837158203125,-9.505074501037598,0.0,281.3471374511719,8.61302638053894,200,3971.980696105957,20251002_074537
MIQP_piecewise_results_relative_noise_80pct,relative_noise,0.8,2024-08-09,MIQP,0.0,4266.5224609375,4266.5224609375,0.0,0.0,342.0248718261719,0.0,0,0.0,20251002_074545
MIQP_piecewise_results_relative_noise_80pct,relative_noise,0.8,2024-08-09,PPO,0.8266872536865403,4266.5224609375,3711.278564453125,0.0,0.0,308.7195739746094,8.344278335571289,200,3766.1545167922973,20251002_074545
MIQP_piecewise_results_relative_noise_80pct,relative_noise,0.8,2024-08-15,MIQP,0.0,4807.42236328125,4807.42236328125,0.0,0.0,260.8915710449219,0.0,0,0.0,20251002_074554
MIQP_piecewise_results_relative_noise_80pct,relative_noise,0.8,2024-08-15,PPO,0.9405281002354862,4807.42236328125,4246.736328125,-79.5312271118164,0.0,247.9825439453125,8.650426149368286,200,4055.8665302276613,20251002_074554
MIQP_piecewise_results_relative_noise_80pct,relative_noise,0.8,2024-10-05,MIQP,0.0,3295.11376953125,3295.11376953125,0.0,590.3275146484375,174.88673400878906,0.0,0,0.0,20251002_074603
MIQP_piecewise_results_relative_noise_80pct,relative_noise,0.8,2024-10-05,PPO,1.4512798729025203,3295.11376953125,3694.828125,-154.15882873535156,0.0,187.27015686035156,8.604729413986206,200,3143.8548080444334,20251002_074603
MIQP_piecewise_results_relative_noise_80pct,relative_noise,0.8,2024-10-21,MIQP,0.0,5164.091796875,5164.091796875,0.0,1026.54931640625,238.81985473632812,0.0,0,0.0,20251002_074611
MIQP_piecewise_results_relative_noise_80pct,relative_noise,0.8,2024-10-21,PPO,0.7044230760722049,5164.091796875,5453.12060546875,0.0,269.5335388183594,231.0439453125,8.319863557815552,200,5677.064035797119,20251002_074611
MIQP_piecewise_results_relative_noise_80pct,relative_noise,0.8,2024-11-21,MIQP,0.0,3559.75048828125,3559.75048828125,0.0,1270.5771484375,206.3455047607422,0.0,0,0.0,20251002_074620
MIQP_piecewise_results_relative_noise_80pct,relative_noise,0.8,2024-11-21,PPO,1.3819777890394664,3559.75048828125,3523.21728515625,159.86590576171875,1569.068359375,234.43789672851562,8.393685102462769,200,4811.669674682617,20251002_074620
MIQP_piecewise_results_relative_noise_80pct,relative_noise,0.8,2024-12-12,MIQP,0.0,18928.796875,18928.796875,0.0,789.4151000976562,297.24285888671875,0.0,0,0.0,20251002_074628
MIQP_piecewise_results_relative_noise_80pct,relative_noise,0.8,2024-12-12,PPO,1.3162752129921658,18928.796875,18438.119140625,367.8306884765625,2755.458984375,295.8363342285156,8.677502870559692,200,20905.709100341795,20251002_074628
MIQP_piecewise_results_relative_noise_80pct,relative_noise,0.8,2024-12-13,MIQP,0.0,7103.64111328125,7103.64111328125,0.0,832.0850219726562,264.8677673339844,0.0,0,0.0,20251002_074637
MIQP_piecewise_results_relative_noise_80pct,relative_noise,0.8,2024-12-13,PPO,1.4158992641438937,7103.64111328125,7420.8505859375,247.6652069091797,513.5477905273438,277.6202697753906,8.613627433776855,200,7720.891189575195,20251002_074637
