date,prices_hourly,matched_from_2024_date,distance
2020-09-23,"38.320000,37.150000,36.050000,39.400000,40.390000,53.210000,58.320000,45.890000,28.300000,26.600000,26.700000,25.700000,25.700000,17.190000,20.730000,44.000000,55.250000,60.540000,51.220000,44.050000,28.000000,24.830000,32.740000,31.080000",2024-04-09,52.11374697497833
2021-07-06,"71.190000,54.230000,46.360000,56.480000,61.850000,93.350000,97.060000,87.290000,76.800000,50.380000,24.870000,25.420000,10.760000,20.750000,43.230000,70.000000,91.460000,99.940000,103.470000,103.970000,101.910000,91.280000,82.340000,75.060000",2024-07-09,69.72872659700555
2023-10-06,"77.960000,75.060000,65.940000,71.780000,94.240000,117.450000,120.720000,104.390000,85.010000,65.140000,36.530000,20.310000,13.760000,42.810000,62.940000,86.860000,104.930000,113.400000,103.260000,89.390000,79.360000,79.680000,70.310000,45.640000",2024-10-05,53.26781685148319
2021-06-21,"61.030000,58.900000,58.620000,62.500000,76.100000,88.940000,92.000000,90.000000,86.280000,82.000000,78.480000,69.930000,67.340000,72.050000,75.130000,82.940000,88.970000,93.790000,94.070000,91.270000,86.090000,77.800000,74.030000,68.380000",2024-01-30,26.872612041895216
2021-07-18,"50.860000,50.100000,45.430000,46.370000,50.750000,47.420000,54.820000,46.570000,35.330000,25.780000,19.560000,0.100000,-1.040000,-5.000000,0.010000,22.500000,58.020000,74.620000,88.090000,93.200000,94.190000,91.130000,92.220000,70.860000",2024-08-03,55.28761070146242
2023-05-18,"89.240000,83.090000,79.420000,79.710000,80.680000,91.000000,90.480000,81.260000,72.760000,65.470000,63.720000,44.160000,29.410000,43.080000,71.560000,84.160000,98.470000,111.920000,122.510000,114.230000,109.610000,98.760000,93.020000,83.200000",2024-07-19,39.787925400724205
2021-06-03,"55.400000,51.960000,54.150000,54.080000,54.100000,66.000000,76.070000,81.880000,83.350000,76.890000,64.660000,59.300000,57.270000,59.300000,65.740000,69.300000,75.000000,81.990000,82.030000,80.140000,79.320000,73.400000,66.410000,62.920000",2024-02-14,25.147713711336095
2023-11-16,"83.310000,84.570000,82.140000,88.120000,92.890000,102.720000,126.900000,129.990000,128.590000,120.100000,116.620000,122.630000,126.660000,134.670000,144.380000,143.810000,164.020000,132.550000,125.260000,121.190000,115.000000,110.200000,100.850000,106.000000",2024-11-21,45.615723846192616
2021-07-31,"7.830000,2.940000,2.820000,6.220000,11.610000,18.860000,35.920000,19.950000,10.370000,6.090000,-3.840000,-20.030000,-15.030000,-14.590000,-1.380000,13.320000,51.070000,69.360000,77.510000,70.910000,87.560000,77.870000,62.690000,61.350000",2024-06-16,79.60198714255411
2023-11-15,"76.420000,72.900000,70.690000,74.450000,81.140000,96.940000,116.710000,121.720000,110.040000,100.100000,90.840000,86.040000,85.550000,85.640000,98.260000,110.280000,122.920000,129.900000,121.080000,110.440000,97.650000,91.660000,84.210000,85.480000",2024-01-09,46.251729952669415
2023-06-03,"77.790000,75.200000,67.040000,73.850000,74.110000,73.630000,70.000000,59.970000,27.360000,5.000000,-0.010000,-3.170000,-3.390000,-0.790000,2.550000,45.660000,75.000000,80.080000,81.980000,77.850000,79.560000,81.170000,81.120000,74.900000",2024-08-15,58.48069022415894
2021-11-29,"189.000000,176.960000,160.360000,161.550000,176.460000,193.060000,234.200000,312.510000,293.600000,257.120000,261.970000,238.170000,329.200000,342.770000,352.110000,360.000000,421.870000,410.130000,355.060000,310.160000,217.430000,206.290000,200.710000,177.400000",2024-12-12,383.1512756019233
2023-08-01,"57.860000,56.940000,57.900000,63.400000,75.340000,90.910000,90.580000,88.180000,77.000000,67.070000,67.100000,61.960000,53.090000,48.260000,54.600000,67.940000,79.590000,95.050000,106.410000,112.420000,102.550000,92.780000,89.380000,77.540000",2024-04-24,44.20689808992474
2023-05-21,"33.880000,28.770000,29.960000,28.260000,30.800000,27.550000,20.000000,2.140000,0.000000,-0.020000,1.030000,-19.950000,-12.310000,-10.000000,-0.410000,2.220000,41.340000,85.490000,90.870000,91.000000,89.940000,83.500000,88.290000,80.060000",2024-08-09,65.28369179022013
2018-12-03,"31.700000,29.000000,27.460000,21.650000,31.510000,58.470000,73.810000,69.300000,71.140000,64.600000,70.440000,64.600000,64.600000,58.900000,64.600000,64.600000,78.840000,75.180000,78.100000,69.820000,58.900000,54.600000,58.900000,44.200000",2024-02-06,54.409484846344355
2021-08-08,"0.670000,-6.070000,-17.260000,-9.590000,-20.000000,-12.290000,-0.170000,-4.370000,-18.760000,-20.000000,-37.780000,-43.300000,-63.030000,-70.000000,-39.120000,-6.350000,-7.230000,43.570000,68.050000,65.900000,63.730000,56.580000,44.040000,39.200000",2024-07-04,106.5719563393992
2019-06-02,"26.690000,18.910000,18.690000,16.370000,13.850000,16.300000,12.960000,11.280000,11.760000,11.900000,8.910000,3.500000,-9.020000,-0.480000,3.500000,16.300000,27.890000,37.410000,38.130000,37.140000,37.120000,29.850000,26.640000,23.340000",2024-03-23,43.01342390086784
2023-11-30,"104.520000,102.200000,100.000000,101.630000,106.300000,129.410000,168.090000,219.270000,237.050000,222.320000,223.140000,195.100000,189.720000,195.000000,195.000000,226.000000,260.970000,249.340000,196.930000,153.900000,132.690000,124.610000,113.660000,106.910000",2024-12-13,101.7236722155971
2023-11-06,"13.870000,5.700000,2.530000,4.300000,16.930000,73.050000,96.210000,99.590000,79.850000,61.850000,58.040000,58.050000,66.980000,80.290000,99.670000,112.440000,138.140000,151.350000,139.930000,111.810000,106.290000,99.560000,89.860000,83.680000",2024-10-21,73.32881611954656
2023-08-19,"67.000000,64.390000,57.790000,64.960000,78.950000,82.400000,83.020000,79.370000,69.400000,41.830000,25.450000,14.860000,12.590000,25.010000,53.300000,72.160000,91.830000,118.890000,129.360000,132.530000,123.710000,112.540000,113.990000,110.590000",2024-08-05,91.70886279059879
