Time,Power,Head,Flow,Price,Date,Mode,Volume
0,2.72248819970874,71.72331342514062,4.664402448254464,48.59,2024-04-09,Turbine,327320.3488137161
1,0.0,71.72331342514062,0.0,38.15,2024-04-09,Idle,327320.3488137161
2,0.0,71.72331342514062,0.0,38.54,2024-04-09,Idle,327320.3488137161
3,2.642740490841901,70.32282091175176,4.6683091377786905,41.84,2024-04-09,Turbine,344126.2617097193
4,2.5629259889523186,68.92115541007736,4.672219099366856,41.1,2024-04-09,Turbine,360946.25046744
5,3.988784427474504,66.76147127568373,7.198948286349057,58.65,2024-04-09,Turbine,386862.4642982966
6,4.674506382589578,64.19344174489353,8.560099829212524,63.05,2024-04-09,Turbine,417678.82368346164
7,2.5966441272580028,62.59411476921581,5.331090786616191,46.47,2024-04-09,Turbine,436870.75051527994
8,0.0,62.59411476921581,0.0,32.52,2024-04-09,Idle,436870.75051527994
9,0.0,62.59411476921581,0.0,27.12,2024-04-09,Idle,436870.75051527994
10,0.0,62.59411476921581,0.0,17.48,2024-04-09,Idle,436870.75051527994
11,-3.998331777065721,64.87821655114793,-7.6136738456449375,4.08,2024-04-09,Pump,409461.52467095817
12,-4.222158070957717,67.17009795931442,-7.63960593731356,4.28,2024-04-09,Pump,381958.94329662935
13,0.0,67.17009795931442,0.0,19.69,2024-04-09,Idle,381958.94329662935
14,-4.446746714812257,69.46978549103898,-7.665626353408864,13.22,2024-04-09,Pump,354362.68842435745
15,0.0,69.46978549103898,0.0,22.92,2024-04-09,Idle,354362.68842435745
16,0.0,69.46978549103898,0.0,41.91,2024-04-09,Idle,354362.68842435745
17,3.476494190325377,67.5837741324827,6.286705551747559,57.73,2024-04-09,Turbine,376994.82841064874
18,3.0273680843571804,65.86790585138115,5.719561867923289,53.42,2024-04-09,Turbine,397585.25113517256
19,2.473547408949028,64.37982065295513,4.96028480209128,48.34,2024-04-09,Turbine,415442.2764227012
20,0.0,64.37982065295513,0.0,40.43,2024-04-09,Idle,415442.2764227012
21,0.0,64.37982065295513,0.0,25.0,2024-04-09,Idle,415442.2764227012
22,0.0,64.37982065295513,0.0,25.84,2024-04-09,Idle,415442.2764227012
23,-4.173318694505275,66.67000453002412,-7.633947499400878,6.65,2024-04-09,Pump,387960.065424858
0,0.0,73.12263393186319,0.0,53.14,2024-07-09,Idle,310528.4999999973
1,0.0,73.12263393186296,0.0,41.26,2024-07-09,Idle,310528.5
2,0.0,73.12263393186348,0.0,38.7,2024-07-09,Idle,310528.49999999395
3,0.0,73.12263393186348,0.0,49.9,2024-07-09,Idle,310528.49999999395
4,0.0,73.12263393186373,0.0,58.21,2024-07-09,Idle,310528.4999999908
5,2.722488199708783,71.72331342514138,4.664402448254469,75.38,2024-07-09,Turbine,327320.3488137069
6,2.6427404908419447,70.32282091175253,4.668309137778674,75.58,2024-07-09,Turbine,344126.26170971
7,0.0,70.32282091175253,0.0,59.81,2024-07-09,Idle,344126.26170971
8,0.0,70.32282091175253,0.0,46.63,2024-07-09,Idle,344126.26170971
9,-4.75569192018552,72.63324658412584,-7.701420161397222,33.71,2024-07-09,Pump,316401.1491286801
10,-4.98209777462288,74.95154154162275,-7.727651116078551,21.95,2024-07-09,Pump,288581.60511079745
11,-5.78900419186344,77.5022259908361,-8.502282881212693,7.32,2024-07-09,Pump,257973.38673843176
12,-6.295046220228373,80.16076683914791,-8.861804270056794,5.31,2024-07-09,Pump,226070.8913662273
13,-5.71974308194071,82.50470045010537,-7.813113308190253,12.12,2024-07-09,Pump,197943.68345674244
14,0.0,82.50470045010537,0.0,46.43,2024-07-09,Idle,197943.68345674244
15,3.257175074996969,81.11323793192268,4.638209148859062,77.36,2024-07-09,Turbine,214641.23639263492
16,4.4988101739180015,79.05665556932335,6.855275657765128,102.11,2024-07-09,Turbine,239320.22876058938
17,5.804746884974994,76.2830229891595,9.245443438671453,110.09,2024-07-09,Turbine,272603.8251398066
18,5.985979011386899,73.33652051751875,9.8216765040491,121.81,2024-07-09,Turbine,307961.86055438337
19,5.63896476494889,70.47756902720283,9.529839852133492,108.05,2024-07-09,Turbine,342269.28402206395
20,3.7243603548913526,68.49668291507247,6.60295478180069,87.85,2024-07-09,Turbine,366039.9212365466
21,3.3013725399434217,66.67000453002412,6.088928941197616,82.93,2024-07-09,Turbine,387960.065424858
22,0.0,66.67000453002412,0.0,73.97,2024-07-09,Idle,387960.065424858
23,0.0,66.67000453002412,0.0,64.4,2024-07-09,Idle,387960.065424858
0,2.722488199708741,71.72331342514063,4.664402448254435,81.4,2024-10-05,Turbine,327320.34881371586
1,0.0,71.72331342514063,0.0,75.54,2024-10-05,Idle,327320.34881371586
2,2.642740490841902,70.32282091175178,4.668309137778674,75.72,2024-10-05,Turbine,344126.2617097191
3,2.603505269620609,68.90075865083784,4.740208307897944,79.82,2024-10-05,Turbine,361191.0116181517
4,3.669200350565511,66.9011088143045,6.665500539990649,86.2,2024-10-05,Turbine,385186.813562118
5,4.881056171895614,64.23337610465093,8.8924438128495,100.4,2024-10-05,Turbine,417199.61128837615
6,4.566873080298558,61.64491114341791,8.62821794177551,110.0,2024-10-05,Turbine,448261.195878768
7,4.262025476538264,59.13335860620696,8.371843153307628,94.99,2024-10-05,Turbine,478399.83123067545
8,0.0,59.13335860620696,0.0,67.67,2024-10-05,Idle,478399.83123067545
9,-3.659201431755576,61.40567308967041,-7.574382844354318,47.21,2024-10-05,Pump,451132.0529909999
10,-3.8818726513194015,63.68572705195574,-7.600181111292882,32.51,2024-10-05,Pump,423771.4009903455
11,-4.105302286674964,65.973546853645,-7.626067246852584,26.72,2024-10-05,Pump,396317.5589016762
12,-5.425688295790103,68.69364771453637,-9.06700434538704,6.8,2024-10-05,Pump,363676.34325828287
13,-4.5960441314023885,70.99852444042854,-7.682923670116224,29.52,2024-10-05,Pump,336017.81804586446
14,-4.821906227179037,73.31125155179197,-7.709091625946201,44.56,2024-10-05,Pump,308265.08819245815
15,0.0,73.31125155179194,0.0,69.57,2024-10-05,Idle,308265.0881924585
16,3.522503061324329,71.51537282131638,5.9862634092451374,93.86,2024-10-05,Turbine,329815.636465741
17,5.424485326518935,68.71053405259991,9.349464084110656,109.86,2024-10-05,Turbine,363473.7071685393
18,4.892646276524145,66.09032324914273,8.734037433079276,100.28,2024-10-05,Turbine,394916.2419276247
19,2.929092291332955,64.37982065295513,5.701676248632367,83.55,2024-10-05,Turbine,415442.2764227012
20,0.0,64.37982065295513,0.0,78.6,2024-10-05,Idle,415442.2764227012
21,0.0,64.37982065295513,0.0,67.0,2024-10-05,Idle,415442.2764227012
22,0.0,64.37982065295513,0.0,55.35,2024-10-05,Idle,415442.2764227012
23,-4.173318694505279,66.67000453002412,-7.633947499400875,44.22,2024-10-05,Pump,387960.065424858
0,0.0,73.122633931863,0.0,68.7,2024-01-30,Idle,310528.49999999953
1,0.0,73.122633931863,0.0,69.37,2024-01-30,Idle,310528.49999999953
2,0.0,73.1226339318628,0.0,66.06,2024-01-30,Idle,310528.5000000021
3,0.0,73.1226339318628,0.0,65.29,2024-01-30,Idle,310528.5000000021
4,0.0,73.1226339318628,0.0,69.37,2024-01-30,Idle,310528.5000000021
5,0.0,73.12263393186306,0.0,78.7,2024-01-30,Idle,310528.49999999884
6,2.722488199708746,71.72331342514073,4.664402448254407,90.82,2024-01-30,Turbine,327320.3488137147
7,2.642740490841906,70.32282091175186,4.668309137778674,95.94,2024-01-30,Turbine,344126.26170971803
8,0.0,70.32282091175186,0.0,84.93,2024-01-30,Idle,344126.26170971803
9,0.0,70.32282091175186,0.0,77.15,2024-01-30,Idle,344126.26170971803
10,0.0,70.32282091175186,0.0,70.1,2024-01-30,Idle,344126.26170971803
11,0.0,70.32282091175186,0.0,68.1,2024-01-30,Idle,344126.26170971803
12,0.0,70.32282091175186,0.0,68.23,2024-01-30,Idle,344126.26170971803
13,0.0,70.32282091175186,0.0,71.93,2024-01-30,Idle,344126.26170971803
14,0.0,70.32282091175186,0.0,75.0,2024-01-30,Idle,344126.26170971803
15,0.0,70.32282091175186,0.0,80.22,2024-01-30,Idle,344126.26170971803
16,0.0,70.32282091175186,0.0,88.42,2024-01-30,Idle,344126.26170971803
17,3.0908660856692665,68.65579173511124,5.556764826556616,99.49,2024-01-30,Turbine,364130.61508532194
18,3.627251762703271,66.67000453002412,6.619291760982255,101.39,2024-01-30,Turbine,387960.065424858
19,0.0,66.67000453002412,0.0,88.31,2024-01-30,Idle,387960.065424858
20,0.0,66.67000453002412,0.0,79.18,2024-01-30,Idle,387960.065424858
21,0.0,66.67000453002412,0.0,79.59,2024-01-30,Idle,387960.065424858
22,0.0,66.67000453002412,0.0,76.34,2024-01-30,Idle,387960.065424858
23,0.0,66.67000453002412,0.0,75.1,2024-01-30,Idle,387960.065424858
0,2.722488199708669,71.72331342514066,4.664402448254322,62.84,2024-08-03,Turbine,327320.3488137155
1,0.0,71.72331342514066,0.0,54.98,2024-08-03,Idle,327320.3488137155
2,0.0,71.72331342514066,0.0,52.12,2024-08-03,Idle,327320.3488137155
3,2.6427404908419034,70.3228209117518,4.66830913777869,58.82,2024-08-03,Turbine,344126.26170971873
4,2.5629259889523204,68.92115541007739,4.6722190993669,60.38,2024-08-03,Turbine,360946.25046743965
5,0.0,68.92115541007739,0.0,57.69,2024-08-03,Idle,360946.25046743965
6,0.0,68.92115541007739,0.0,53.4,2024-08-03,Idle,360946.25046743965
7,0.0,68.92115541007739,0.0,41.69,2024-08-03,Idle,360946.25046743965
8,0.0,68.92115541007739,0.0,32.44,2024-08-03,Idle,360946.25046743965
9,-4.618338323687369,71.22680702474676,-7.685506633127289,20.36,2024-08-03,Pump,333278.4265881814
10,-4.844276353244442,73.54031166415027,-7.711683386501617,14.66,2024-08-03,Pump,305516.3663967756
11,-5.070983925313143,75.86169607560612,-7.737949297617823,6.41,2024-08-03,Pump,277659.7489253514
12,-5.298463660947031,78.19098709753364,-7.764304670146311,4.12,2024-08-03,Pump,249708.2521128247
13,-5.526718190126952,80.5282116597635,-7.790749808791701,11.92,2024-08-03,Pump,221661.55280117458
14,0.0,80.52821165976377,0.0,26.79,2024-08-03,Idle,221661.55280117132
15,0.0,80.52821165976377,0.0,40.58,2024-08-03,Idle,221661.55280117132
16,3.1445343669722354,79.13509372523617,4.643727204240179,63.32,2024-08-03,Turbine,238378.97073643596
17,3.0651401446149107,77.74080897903201,4.647616577128453,74.76,2024-08-03,Turbine,255110.3904140984
18,3.617833893920399,76.02761048372062,5.7106625805076,80.66,2024-08-03,Turbine,275668.77570392576
19,4.393171488751084,73.8741860123269,7.178082739619953,85.03,2024-08-03,Turbine,301509.87356655765
20,4.60750849995838,71.54953750655837,7.748829613764315,85.18,2024-08-03,Turbine,329405.6601761092
21,3.425482924666819,69.75048407550116,5.996845746239627,74.76,2024-08-03,Turbine,350994.3048625719
22,3.0564648963836354,68.08387201176294,5.555374449988971,70.56,2024-08-03,Turbine,370993.6528825322
23,2.455872609238632,66.67000453002412,4.712892372868236,64.64,2024-08-03,Turbine,387960.065424858
0,0.0,73.12263393186294,0.0,80.07,2024-07-19,Idle,310528.50000000035
1,0.0,73.122633931863,0.0,73.16,2024-07-19,Idle,310528.49999999953
2,0.0,73.12263393186326,0.0,71.83,2024-07-19,Idle,310528.4999999965
3,0.0,73.12263393186345,0.0,80.48,2024-07-19,Idle,310528.4999999942
4,2.722488199708796,71.72331342514109,4.664402448254492,90.0,2024-07-19,Turbine,327320.3488137104
5,3.500766769882768,69.89154280266413,6.105903068722368,101.6,2024-07-19,Turbine,349301.5998611109
6,3.3623117885907194,68.07535879081145,6.053947691518513,98.4,2024-07-19,Turbine,371095.8115505775
7,0.0,68.07535879081145,0.0,81.43,2024-07-19,Idle,371095.8115505775
8,0.0,68.07535879081145,0.0,70.41,2024-07-19,Idle,371095.8115505775
9,0.0,68.07535879081145,0.0,59.86,2024-07-19,Idle,371095.8115505775
10,-4.535456061533298,70.37812963124378,-7.675904050774228,45.74,2024-07-19,Pump,343462.55696779024
11,-4.761111794992134,72.68874368452398,-7.702048097855715,37.86,2024-07-19,Pump,315735.18381550966
12,-4.987536109465105,75.00722766455115,-7.728281191281955,37.61,2024-07-19,Pump,287913.3715268946
13,-5.214731622730925,77.33360837621156,-7.754603634343657,43.99,2024-07-19,Pump,259996.79844325746
14,0.0,77.33360837621156,0.0,65.26,2024-07-19,Idle,259996.79844325746
15,0.0,77.33360837621156,0.0,77.67,2024-07-19,Idle,259996.79844325746
16,0.0,77.33360837621156,0.0,86.9,2024-07-19,Idle,259996.79844325746
17,2.962472936886784,75.93781478851714,4.652646049581203,104.69,2024-07-19,Turbine,276746.3242217498
18,5.945323296768263,73.00156967013453,9.787485320956977,136.98,2024-07-19,Turbine,311981.2713771949
19,5.360806017222171,70.27255641586642,9.096712328144802,120.14,2024-07-19,Turbine,344729.4357585162
20,3.945524282780803,68.17446010636773,6.993655503285732,107.11,2024-07-19,Turbine,369906.5955703448
21,0.0,68.17446010636773,0.0,91.7,2024-07-19,Idle,369906.5955703448
22,2.641410895889966,66.67000453002412,5.014852737364773,94.99,2024-07-19,Turbine,387960.065424858
23,0.0,66.6700045300241,0.0,89.52,2024-07-19,Idle,387960.0654248581
0,0.0,73.12263393186295,0.0,59.34,2024-02-14,Idle,310528.50000000023
1,0.0,73.12263393186302,0.0,55.76,2024-02-14,Idle,310528.4999999993
2,0.0,73.12263393186313,0.0,54.79,2024-02-14,Idle,310528.499999998
3,0.0,73.1226339318634,0.0,55.06,2024-02-14,Idle,310528.49999999476
4,0.0,73.12263393186339,0.0,58.74,2024-02-14,Idle,310528.4999999949
5,0.0,73.12263393186366,0.0,63.93,2024-02-14,Idle,310528.49999999173
6,0.0,73.12263393186366,0.0,73.41,2024-02-14,Idle,310528.49999999173
7,2.722488199708778,71.72331342514131,4.664402448254437,80.13,2024-02-14,Turbine,327320.3488137077
8,0.0,71.72331342514131,0.0,69.65,2024-02-14,Idle,327320.3488137077
9,0.0,71.72331342514157,0.0,63.86,2024-02-14,Idle,327320.3488137047
10,0.0,71.72331342514157,0.0,63.29,2024-02-14,Idle,327320.3488137047
11,0.0,71.72331342514157,0.0,60.19,2024-02-14,Idle,327320.3488137047
12,0.0,71.72331342514157,0.0,53.92,2024-02-14,Idle,327320.3488137047
13,0.0,71.72331342514157,0.0,60.0,2024-02-14,Idle,327320.3488137047
14,0.0,71.72331342514157,0.0,64.55,2024-02-14,Idle,327320.3488137047
15,0.0,71.72331342514157,0.0,66.65,2024-02-14,Idle,327320.3488137047
16,2.6427404908419554,70.32282091175271,4.668309137778664,76.3,2024-02-14,Turbine,344126.2617097078
17,3.4357722769298773,68.48242817549489,6.134643452669746,87.8,2024-02-14,Turbine,366210.97813931876
18,3.2721766509100134,66.67000453002382,6.041413134873017,84.79,2024-02-14,Turbine,387960.0654248616
19,0.0,66.67000453002382,0.0,76.77,2024-02-14,Idle,387960.0654248616
20,0.0,66.67000453002382,0.0,69.58,2024-02-14,Idle,387960.0654248616
21,0.0,66.67000453002407,0.0,68.2,2024-02-14,Idle,387960.0654248585
22,0.0,66.67000453002407,0.0,63.8,2024-02-14,Idle,387960.0654248585
23,0.0,66.67000453002412,0.0,61.62,2024-02-14,Idle,387960.065424858
0,-5.030054374975856,75.44259573743089,-7.733207277219577,90.4,2024-11-21,Pump,282688.95380200946
1,-5.257394704999162,77.77045930809005,-7.759546498477317,86.8,2024-11-21,Pump,254754.586407491
2,-5.485509353754464,80.10625155716781,-7.785975430840917,84.15,2024-11-21,Pump,226725.0748564637
3,-5.714400958563107,82.44999948965804,-7.8124943798654,84.23,2024-11-21,Pump,198600.09508894826
4,0.0,82.44999948965804,0.0,93.51,2024-11-21,Idle,198600.09508894826
5,0.0,82.44999948965804,0.0,109.4,2024-11-21,Idle,198600.09508894826
6,0.0,82.44999948965804,0.0,123.36,2024-11-21,Idle,198600.09508894826
7,3.2540576503272565,81.05849115646014,4.638361865601263,133.85,2024-11-21,Turbine,215298.1978051128
8,3.1747551596479955,79.66581735971387,4.642246744728117,135.04,2024-11-21,Turbine,232010.28608613403
9,0.0,79.66581735971387,0.0,127.44,2024-11-21,Idle,232010.28608613403
10,0.0,79.66581735971387,0.0,115.55,2024-11-21,Idle,232010.28608613403
11,0.0,79.66581735971387,0.0,113.7,2024-11-21,Idle,232010.28608613403
12,0.0,79.66581735971387,0.0,121.29,2024-11-21,Idle,232010.28608613403
13,3.095386248840321,78.27197712328048,4.646134877651348,134.4,2024-11-21,Turbine,248736.37164567888
14,3.0159508622737814,76.87696947020358,4.65002626709645,144.79,2024-11-21,Turbine,265476.46620722604
15,4.736159601098266,74.5761873192105,7.669275084897777,161.23,2024-11-21,Turbine,293085.85651285807
16,5.784962280703131,71.68040095566826,9.652622782872136,169.9,2024-11-21,Turbine,327835.2985311977
17,4.998584803092667,69.09450226596951,8.619663701935691,155.9,2024-11-21,Turbine,358866.0878581662
18,4.525798095821798,66.67000453002412,8.081660435192191,148.93,2024-11-21,Turbine,387960.065424858
19,0.0,66.67000453002412,0.0,129.08,2024-11-21,Idle,387960.065424858
20,0.0,66.67000453002412,0.0,121.56,2024-11-21,Idle,387960.065424858
21,0.0,66.67000453002412,0.0,120.0,2024-11-21,Idle,387960.065424858
22,0.0,66.67000453002412,0.0,106.36,2024-11-21,Idle,387960.065424858
23,0.0,66.67000453002412,0.0,113.3,2024-11-21,Idle,387960.065424858
0,0.0,73.12263393186323,0.0,6.0,2024-06-16,Idle,310528.49999999674
1,0.0,73.1226339318635,0.0,4.01,2024-06-16,Idle,310528.4999999936
2,0.0,73.12263393186376,0.0,3.02,2024-06-16,Idle,310528.49999999045
3,0.0,73.12263393186403,0.0,2.96,2024-06-16,Idle,310528.4999999872
4,0.0,73.1226339318643,0.0,3.51,2024-06-16,Idle,310528.49999998405
5,0.0,73.12263393186456,0.0,0.47,2024-06-16,Idle,310528.4999999809
6,0.0,73.12263393186483,0.0,-0.02,2024-06-16,Idle,310528.49999997765
7,0.0,73.1226339318651,0.0,-1.27,2024-06-16,Idle,310528.4999999745
8,-5.030054385513953,75.44259574103326,-7.733207289220386,-10.0,2024-06-16,Pump,282688.9537587811
9,-5.257394717045633,77.7704593157184,-7.759546511937928,-13.34,2024-06-16,Pump,254754.58631595084
10,-5.485509366644504,80.10625156898918,-7.785975444852423,-20.01,2024-06-16,Pump,226725.0747146072
11,-5.714400990883335,82.4499995130294,-7.812494418400172,-30.01,2024-06-16,Pump,198600.094808492
12,-5.944072217849007,84.80173024470076,-7.839103714834901,-35.68,2024-06-16,Pump,170379.32143521146
13,-6.174525653774962,87.16147093415299,-7.865803578450112,-29.04,2024-06-16,Pump,142062.42855291627
14,0.0,87.16147093415324,0.0,-9.86,2024-06-16,Idle,142062.42855291313
15,0.0,87.16147093415351,0.0,-1.32,2024-06-16,Idle,142062.42855290987
16,3.5225658797118737,85.77390870665894,4.625208177782611,25.6,2024-06-16,Turbine,158713.17799292726
17,4.400268076676916,83.9042687682043,6.232134142561515,45.18,2024-06-16,Turbine,181148.86090602342
18,5.856244181722472,81.24767450092153,8.85531566560531,55.9,2024-06-16,Turbine,213027.99730207736
19,6.570673839999285,78.15365473016354,10.313400914507902,69.47,2024-06-16,Turbine,250156.24059418065
20,6.20628624995884,75.15156920363444,10.00695338383261,73.14,2024-06-16,Turbine,286181.2727759782
21,5.852725896369263,72.23868622395908,9.709611512591351,65.0,2024-06-16,Turbine,321135.874221307
22,5.509671072143029,69.41235527108076,9.421104709643773,64.39,2024-06-16,Turbine,355051.85117602453
23,5.17680961336456,66.67000458068244,9.14117045581483,56.7,2024-06-16,Turbine,387960.0648169579
0,0.0,73.12263393186299,0.0,83.29,2024-01-09,Idle,310528.49999999965
1,0.0,73.1226339318629,0.0,85.0,2024-01-09,Idle,310528.50000000093
2,0.0,73.12263393186315,0.0,83.89,2024-01-09,Idle,310528.4999999978
3,0.0,73.12263393186315,0.0,82.45,2024-01-09,Idle,310528.4999999978
4,0.0,73.12263393186315,0.0,88.29,2024-01-09,Idle,310528.4999999978
5,0.0,73.12263393186315,0.0,99.83,2024-01-09,Idle,310528.4999999978
6,0.0,73.12263393186315,0.0,112.16,2024-01-09,Idle,310528.4999999978
7,3.325399189189312,71.4202663998419,5.674559363664305,130.5,2024-01-09,Turbine,330956.9137091893
8,0.0,71.4202663998419,0.0,120.69,2024-01-09,Idle,330956.9137091893
9,0.0,71.4202663998419,0.0,109.08,2024-01-09,Idle,330956.9137091893
10,0.0,71.4202663998419,0.0,102.1,2024-01-09,Idle,330956.9137091893
11,0.0,71.4202663998419,0.0,92.22,2024-01-09,Idle,330956.9137091893
12,0.0,71.42026639984194,0.0,92.11,2024-01-09,Idle,330956.9137091889
13,0.0,71.42026639984194,0.0,101.19,2024-01-09,Idle,330956.9137091889
14,0.0,71.42026639984194,0.0,112.35,2024-01-09,Idle,330956.9137091889
15,2.6535008579047035,70.00543051778993,4.716120374437597,122.38,2024-01-09,Turbine,347934.9470571643
16,4.975509754713613,67.3817468619576,8.745613609547274,137.1,2024-01-09,Turbine,379419.1560515346
17,4.937661673340486,64.69973270060355,8.940048659599286,136.7,2024-01-09,Turbine,411603.33122609195
18,4.6217966326367925,62.09741063997356,8.674408280616717,129.74,2024-01-09,Turbine,442831.20103631215
19,0.0,62.09741063997356,0.0,116.34,2024-01-09,Idle,442831.20103631215
20,0.0,62.09741063997356,0.0,105.57,2024-01-09,Idle,442831.20103631215
21,0.0,62.09741063997356,0.0,98.4,2024-01-09,Idle,442831.20103631215
22,-3.9496581823561625,64.37982065295513,-7.608034614891933,93.69,2024-01-09,Pump,415442.2764227012
23,-4.173318694505279,66.67000453002412,-7.633947499400884,83.0,2024-01-09,Pump,387960.065424858
0,2.7407274314382386,71.71414566237662,4.694961662441614,74.21,2024-08-15,Turbine,327430.3619847897
1,2.642218017203911,70.31364547049024,4.668334732774628,70.71,2024-08-15,Turbine,344236.36702277826
2,0.0,70.31364547049024,0.0,64.39,2024-08-15,Idle,344236.36702277826
3,2.8591132639123877,68.76283395190772,5.169372569977497,72.13,2024-08-15,Turbine,362846.1082746972
4,3.8779837954930745,66.65417480368987,7.028864971413668,78.43,2024-08-15,Turbine,388150.0221717864
5,4.6335204211945085,64.10358300819344,8.50197403543938,82.77,2024-08-15,Turbine,418757.1286993682
6,3.5337736490629137,62.03056817125045,6.910050581159173,73.05,2024-08-15,Turbine,443633.3107915411
7,0.0,62.03056817125045,0.0,48.67,2024-08-15,Idle,443633.3107915411
8,-3.943108079305926,64.31275051949862,-7.607275732323742,33.06,2024-08-15,Pump,416247.1181551757
9,-4.166746281874126,66.60270595641056,-7.633186032086785,12.96,2024-08-15,Pump,388767.64843966323
10,-4.391146193767831,68.9004609570431,-7.659184582053665,10.02,2024-08-15,Pump,361194.58394427004
11,-5.536956029739781,71.56255127783272,-8.873635846908535,0.3,2024-08-15,Pump,329249.4948953993
12,-5.761460851308813,74.21962798802608,-8.856923808867545,0.11,2024-08-15,Pump,297364.56918347615
13,-5.937840087923326,76.85322819434677,-8.778668783221866,0.34,2024-08-15,Pump,265761.36156387744
14,-5.926875412346498,79.39161606453204,-8.461294277781143,2.05,2024-08-15,Pump,235300.70216386532
15,-5.64437158637592,81.7329299561794,-7.804380909068611,16.81,2024-08-15,Pump,207204.93089121836
16,0.0,81.7329299561794,0.0,51.88,2024-08-15,Idle,207204.93089121836
17,3.2131916356305386,80.34082103843382,4.6403638144193815,82.65,2024-08-15,Turbine,223910.24062312813
18,5.596994004000184,77.70947455466164,8.771156373504084,102.89,2024-08-15,Turbine,255486.4035677428
19,5.44415614818449,75.0773700718397,8.773683037414543,100.0,2024-08-15,Turbine,287071.66250243527
20,5.843987364477964,72.16669180094694,9.70226248211993,102.78,2024-08-15,Turbine,321999.8074380668
21,4.393359664549166,69.89934070515697,7.557838216083257,88.62,2024-08-15,Turbine,349208.0250159665
22,3.3251667136993017,68.10205719095089,5.99094602244233,78.92,2024-08-15,Turbine,370775.4306967589
23,2.493118640339097,66.67000453002412,4.773509646694208,71.06,2024-08-15,Turbine,387960.065424858
0,-6.722497138962343,76.09797429742748,-9.91780283277386,115.3,2024-12-12,Pump,274824.4098020141
1,-7.112858512661001,79.12170717620872,-10.079111236417504,109.96,2024-12-12,Pump,238539.6093509111
2,-7.509568930709218,82.19461964969908,-10.24304324546292,107.35,2024-12-12,Pump,201664.6536672446
3,-7.912731657330527,85.31751160090171,-10.40964153161945,112.51,2024-12-12,Pump,164189.94415341457
4,-8.322451636292548,88.49119592254104,-10.5789494606317,122.04,2024-12-12,Pump,126105.72609514045
5,-8.738835518223972,91.71649872865969,-10.751011103567564,150.17,2024-12-12,Pump,87402.08612229722
6,0.0,91.71649872865969,0.0,258.04,2024-12-12,Idle,87402.08612229722
7,7.803603807296087,88.31141325590102,11.350286756572636,389.15,2024-12-12,Turbine,128263.11844595871
8,7.4025815170522975,85.00750488294263,11.013029702346346,400.0,2024-12-12,Turbine,167910.02537440555
9,7.01347501353596,81.80176728127798,10.68579374477277,363.37,2024-12-12,Turbine,206378.88285558752
10,3.8813776640163673,80.07583105049437,5.753121705659012,328.83,2024-12-12,Turbine,227090.12099595997
11,3.1187530560061525,78.68233422272014,4.644990181934522,293.07,2024-12-12,Turbine,243812.08565092424
12,4.674108108065306,76.4659694558004,7.387883758853972,318.55,2024-12-12,Turbine,270408.46718279854
13,6.007524905500652,73.51403099934767,9.839796456371582,352.89,2024-12-12,Turbine,305831.73442573624
14,5.659870454551928,70.64980504650231,9.547421396759876,475.91,2024-12-12,Turbine,340202.4514540718
15,5.322546043586341,67.87068534940299,9.263733831433347,551.0,2024-12-12,Turbine,373551.89324723184
16,4.995244730679962,65.17414310100494,8.988475624294596,565.46,2024-12-12,Turbine,405910.4054946924
17,4.677668694235971,62.55772463404045,8.72139630937952,433.07,2024-12-12,Turbine,437307.43220845866
18,4.369528961987726,60.019049188350806,8.462252862951718,375.03,2024-12-12,Turbine,467771.54251508485
19,4.070545148053876,57.55580674455906,8.210809482367058,241.61,2024-12-12,Turbine,497330.45665160625
20,-3.5046121794691123,59.82274810325811,-7.5564724255578835,169.4,2024-12-12,Pump,470127.15591959783
21,-3.7267568696934177,62.09741063997356,-7.582209689801568,150.0,2024-12-12,Pump,442831.20103631215
22,-3.9496581823561625,64.37982065295513,-7.608034614891931,134.75,2024-12-12,Pump,415442.2764227012
23,-4.173318694505278,66.67000453002412,-7.633947499400882,130.07,2024-12-12,Pump,387960.065424858
0,0.0,73.12263393186296,0.0,71.19,2024-04-24,Idle,310528.5
1,0.0,73.12263393186296,0.0,63.57,2024-04-24,Idle,310528.5
2,0.0,73.12263393186296,0.0,60.0,2024-04-24,Idle,310528.5
3,0.0,73.12263393186296,0.0,72.42,2024-04-24,Idle,310528.5
4,2.7224881997087405,71.72331342514063,4.664402448254404,82.3,2024-04-24,Turbine,327320.34881371586
5,4.03730510321321,69.62185731224872,7.004854849752608,101.2,2024-04-24,Turbine,352537.82627282524
6,5.091187536547165,66.9287204599218,8.977124302209996,107.19,2024-04-24,Turbine,384855.4737607812
7,2.719038888758536,65.34851764185358,5.267343584209,87.2,2024-04-24,Turbine,403817.9106639336
8,0.0,65.34851764185358,0.0,68.35,2024-04-24,Idle,403817.9106639336
9,0.0,65.34851764185358,0.0,73.2,2024-04-24,Idle,403817.9106639336
10,0.0,65.34851764185358,0.0,76.17,2024-04-24,Idle,403817.9106639336
11,-4.268244349151924,67.64200089050381,-7.644945406461719,51.07,2024-04-24,Pump,376296.10720067134
12,-4.492989962376971,69.94329571856366,-7.67098400873187,46.02,2024-04-24,Pump,348680.5647692366
13,-4.718501056756374,72.25242873218907,-7.69711129820288,44.36,2024-04-24,Pump,320970.96409570624
14,-4.944780239510757,74.56942662815621,-7.723327576942263,33.82,2024-04-24,Pump,293166.9848187141
15,0.0,74.56942662815621,0.0,57.13,2024-04-24,Idle,293166.9848187141
16,0.0,74.56942662815621,0.0,65.77,2024-04-24,Idle,293166.9848187141
17,2.8049413633552263,73.17131788862872,4.660363223614177,89.86,2024-04-24,Turbine,309944.2924237251
18,4.132895534053487,71.06450595702731,7.022707581689982,108.15,2024-04-24,Turbine,335226.03971780906
19,4.6654929484440775,68.6278739479703,8.12210801881418,110.0,2024-04-24,Turbine,364465.6285855401
20,3.570071860467508,66.67000453002412,6.526232455366084,99.54,2024-04-24,Turbine,387960.065424858
21,0.0,66.67000453002412,0.0,89.31,2024-04-24,Idle,387960.065424858
22,0.0,66.67000453002412,0.0,83.5,2024-04-24,Idle,387960.065424858
23,0.0,66.67000453002412,0.0,80.0,2024-04-24,Idle,387960.065424858
0,0.0,73.12263393186296,0.0,22.62,2024-08-09,Idle,310528.5
1,0.0,73.12263393186296,0.0,26.4,2024-08-09,Idle,310528.5
2,0.0,73.12263393186296,0.0,30.98,2024-08-09,Idle,310528.5
3,0.0,73.12263393186296,0.0,25.34,2024-08-09,Idle,310528.5
4,2.978776135866361,71.59449292256615,5.09380419339228,48.04,2024-08-09,Turbine,328866.1950962122
5,3.4639685651031424,69.77742050627569,6.05690904012643,51.0,2024-08-09,Turbine,350671.0676406673
6,2.8845776203154427,68.19799998974113,5.26473591200563,45.89,2024-08-09,Turbine,369624.11692388763
7,0.0,68.19799998974113,0.0,29.17,2024-08-09,Idle,369624.11692388763
8,-4.54747405707625,70.50118854478504,-7.67729643303943,6.98,2024-08-09,Pump,341985.8497649457
9,-4.773170723699337,72.81222173540831,-7.703445222559999,0.1,2024-08-09,Pump,314253.4469637297
10,-4.999636110754482,75.13112628035584,-7.729683074577996,-0.36,2024-08-09,Pump,286426.5878952489
11,-5.22687283649525,77.45792898937623,-7.756010292439217,-0.69,2024-08-09,Pump,258504.95084246772
12,-5.454883528092955,79.79265676353187,-7.782427180523001,-1.86,2024-08-09,Pump,230488.21299258491
13,-5.683670821667024,82.13533659550974,-7.808934044244751,-3.32,2024-08-09,Pump,202376.0504333038
14,-5.913237362315483,84.48599556993379,-7.835531190060946,-4.79,2024-08-09,Pump,174168.1381490844
15,-6.143585804145527,86.8446608636778,-7.862218925471178,1.79,2024-08-09,Pump,145864.15001738816
16,0.0,86.8446608636778,0.0,41.07,2024-08-09,Idle,145864.15001738816
17,5.534571957538498,84.43644385823613,8.027391324680227,79.93,2024-08-09,Turbine,174762.75878623698
18,6.946220255372362,81.2476744938598,10.629232944605851,107.86,2024-08-09,Turbine,213027.99738681805
19,6.570673854616251,78.15365471471432,10.31340094243144,110.32,2024-08-09,Turbine,250156.24077957124
20,6.206286262052455,75.15156917642219,10.006953423042788,105.21,2024-08-09,Turbine,286181.2731025253
21,5.852725910130269,72.23868618841746,9.709611540355889,89.07,2024-08-09,Turbine,321135.8746478065
22,5.509671083340429,69.41235522829624,9.421104733786745,73.67,2024-08-09,Turbine,355051.8516894389
23,5.176809625476206,66.67000453002412,9.141170482060904,69.75,2024-08-09,Turbine,387960.065424858
0,0.0,73.12263393186298,0.0,28.93,2024-02-06,Idle,310528.4999999999
1,-5.030054374975856,75.44259573743089,-7.733207277219559,12.2,2024-02-06,Pump,282688.95380200946
2,-5.257394704999155,77.77045930809007,-7.759546498477325,6.81,2024-02-06,Pump,254754.5864074909
3,-5.485509353754466,80.10625155716782,-7.785975430840923,4.6,2024-02-06,Pump,226725.0748564636
4,-5.714400958563109,82.44999948965805,-7.812494379865368,21.2,2024-02-06,Pump,198600.09508894815
5,0.0,82.44999948965805,0.0,52.2,2024-02-06,Idle,198600.09508894815
6,3.2540576503272574,81.05849115646015,4.638361865601263,70.27,2024-02-06,Turbine,215298.1978051127
7,3.8894297866626544,79.30659348827645,5.839659844410974,88.87,2024-02-06,Turbine,236320.9732449922
8,3.906347683775118,77.49454075311014,6.040176766989203,87.3,2024-02-06,Turbine,258065.60960615333
9,3.712917533917509,75.72628867861661,5.894174540983217,84.18,2024-02-06,Turbine,279284.63795369305
10,2.870871289741645,74.32914887367478,4.657133441136296,64.13,2024-02-06,Turbine,296050.3183417837
11,0.0,74.32914887367484,0.0,53.96,2024-02-06,Idle,296050.318341783
12,0.0,74.32914887367484,0.0,50.95,2024-02-06,Idle,296050.318341783
13,0.0,74.32914887367484,0.0,52.43,2024-02-06,Idle,296050.318341783
14,0.0,74.32914887367484,0.0,56.89,2024-02-06,Idle,296050.318341783
15,0.0,74.32914887367482,0.0,61.33,2024-02-06,Idle,296050.31834178325
16,2.791247859744362,72.93083888852226,4.661034042473604,71.98,2024-02-06,Turbine,312830.0408946882
17,4.348494254382279,70.70856839324007,7.407569523266186,84.73,2024-02-06,Turbine,339497.2911784465
18,5.039296078428489,68.07355391455654,8.783383025198644,88.5,2024-02-06,Turbine,371117.4700691615
19,2.4347395664748346,66.67000453002412,4.678498709915715,65.54,2024-02-06,Turbine,387960.065424858
20,0.0,66.67000453002412,0.0,59.98,2024-02-06,Idle,387960.065424858
21,0.0,66.67000453002412,0.0,56.93,2024-02-06,Idle,387960.065424858
22,0.0,66.67000453002412,0.0,52.83,2024-02-06,Idle,387960.065424858
23,0.0,66.67000453002412,0.0,41.34,2024-02-06,Idle,387960.065424858
0,0.0,73.12263393186296,0.0,2.3,2024-07-04,Idle,310528.5
1,0.0,73.12263393186296,0.0,0.18,2024-07-04,Idle,310528.5
2,0.0,73.12263393186296,0.0,1.72,2024-07-04,Idle,310528.5
3,0.0,73.12263393186296,0.0,2.17,2024-07-04,Idle,310528.5
4,0.0,73.12263393186296,0.0,12.13,2024-07-04,Idle,310528.5
5,2.7224881997087405,71.72331342514063,4.664402448254404,19.72,2024-07-04,Turbine,327320.34881371586
6,3.731836725782161,69.77539785922582,6.493052943194505,31.23,2024-07-04,Turbine,350695.3394092162
7,2.6873810958221127,68.29503651924104,4.934538603096708,23.21,2024-07-04,Turbine,368459.6783803643
8,0.0,68.29503651924104,0.0,0.89,2024-07-04,Idle,368459.6783803643
9,0.0,68.29503651924104,0.0,-7.82,2024-07-04,Idle,368459.6783803643
10,0.0,68.29503651924104,0.0,-11.17,2024-07-04,Idle,368459.6783803643
11,-4.556982970795379,70.59855557966632,-7.67839811782336,-25.79,2024-07-04,Pump,340817.4451562002
12,-5.447620628424171,73.1673984399329,-8.56281092790835,-38.84,2024-07-04,Pump,309991.32581573015
13,-5.90441750609769,75.82440088950779,-8.856676273432386,-42.22,2024-07-04,Pump,278107.29123137356
14,-6.940593217371164,78.79087547523598,-9.888250228509424,-50.0,2024-07-04,Pump,242509.59040873963
15,-5.585503132808632,81.13014325086282,-7.797560521223426,-27.88,2024-07-04,Pump,214438.37253233523
16,0.0,81.13014325086282,0.0,-2.38,2024-07-04,Idle,214438.37253233523
17,4.459423306663489,79.09385671516284,6.78762289042271,38.04,2024-07-04,Turbine,238873.81493785698
18,6.317015335530362,76.06383445916042,10.100075830567029,61.07,2024-07-04,Turbine,275234.0879278983
19,5.960164832271978,73.12384485186688,9.799966952691578,73.19,2024-07-04,Turbine,310513.96895758796
20,5.6139176161471465,70.27121270572627,9.508775368120697,65.15,2024-07-04,Turbine,344745.56028282247
21,5.277958626095257,67.50334232244083,9.226236112617254,49.73,2024-07-04,Turbine,377960.0102882446
22,0.0,67.50334232244083,0.0,1.8,2024-07-04,Idle,377960.0102882446
23,0.0,67.50334232244083,0.0,0.0,2024-07-04,Idle,377960.0102882446
0,3.110899221383737,71.52808260870896,5.315171942279505,42.82,2024-03-23,Turbine,329663.1189922062
1,2.6316142261757056,70.12742657894391,4.668854192454665,27.64,2024-03-23,Turbine,346470.99408504297
2,0.0,70.12742657894391,0.0,23.62,2024-03-23,Idle,346470.99408504297
3,0.0,70.12742657894418,0.0,21.46,2024-03-23,Idle,346470.9940850398
4,0.0,70.12742657894418,0.0,21.72,2024-03-23,Idle,346470.9940850398
5,0.0,70.12742657894418,0.0,22.58,2024-03-23,Idle,346470.9940850398
6,0.0,70.12742657894418,0.0,21.92,2024-03-23,Idle,346470.9940850398
7,0.0,70.12742657894418,0.0,19.37,2024-03-23,Idle,346470.9940850398
8,0.0,70.12742657894418,0.0,5.26,2024-03-23,Idle,346470.9940850398
9,0.0,70.12742657894418,0.0,0.01,2024-03-23,Idle,346470.9940850398
10,0.0,70.12742657894444,0.0,-0.05,2024-03-23,Idle,346470.9940850367
11,0.0,70.12742657894444,0.0,0.2,2024-03-23,Idle,346470.9940850367
12,0.0,70.12742657894444,0.0,-0.15,2024-03-23,Idle,346470.9940850367
13,-4.73654461698481,72.43718674031051,-7.699201791011987,-7.95,2024-03-23,Pump,318753.86763739353
14,0.0,72.43718674031051,0.0,-0.93,2024-03-23,Idle,318753.86763739353
15,-4.962885255912305,74.75481392007678,-7.725425189947483,-1.47,2024-03-23,Pump,290942.3369535826
16,0.0,74.75481392007678,0.0,18.27,2024-03-23,Idle,290942.3369535826
17,2.8155066425122675,73.35686045244088,4.659845650557964,41.32,2024-03-23,Turbine,307717.78129559127
18,4.23621638019231,71.2035857362097,7.177583555663574,52.96,2024-03-23,Turbine,333557.0820959802
19,3.263147618675837,69.47592873426996,5.758857610446424,44.97,2024-03-23,Turbine,354288.96949358727
20,2.514661341584564,68.0735539145565,4.674583493215209,36.52,2024-03-23,Turbine,371117.4700691621
21,2.4347395664748213,66.67000453002407,4.678498709915687,33.17,2024-03-23,Turbine,387960.0654248585
22,0.0,66.67000453002406,0.0,25.19,2024-03-23,Idle,387960.0654248587
23,0.0,66.67000453002412,0.0,15.02,2024-03-23,Idle,387960.065424858
0,-5.030054374975855,75.44259573743089,-7.733207277219577,122.9,2024-12-13,Pump,282688.95380200946
1,-5.2573947049991565,77.77045930809005,-7.759546498477329,118.97,2024-12-13,Pump,254754.586407491
2,-5.485509353754464,80.10625155716781,-7.785975430840923,114.95,2024-12-13,Pump,226725.0748564637
3,-5.714400958563124,82.44999948965805,-7.8124943798654,115.64,2024-12-13,Pump,198600.09508894815
4,-5.944072165729088,84.80173020253335,-7.839103652146554,123.14,2024-12-13,Pump,170379.32194122055
5,0.0,84.80173020253335,0.0,143.95,2024-12-13,Idle,170379.32194122055
6,3.388083511681117,83.41219157110149,4.631796191979163,186.4,2024-12-13,Turbine,187053.78823234548
7,6.825592446978055,80.25385635491475,10.527785767462388,253.0,2024-12-13,Turbine,224953.8169952099
8,6.4536303238872925,77.18936641806893,10.21496811874489,245.74,2024-12-13,Turbine,261727.70222269162
9,4.708190810874817,74.91185293830567,7.591712834841003,208.42,2024-12-13,Turbine,289057.8684281192
10,0.0,74.91185293830567,0.0,174.1,2024-12-13,Idle,289057.8684281192
11,0.0,74.91185293830567,0.0,165.84,2024-12-13,Idle,289057.8684281192
12,0.0,74.91185293830567,0.0,165.0,2024-12-13,Idle,289057.8684281192
13,2.8244563447758217,73.51403099934771,4.659407221560144,184.5,2024-12-13,Turbine,305831.73442573566
14,5.659870454551934,70.64980504650235,9.547421396759908,214.74,2024-12-13,Turbine,340202.4514540713
15,5.32254604358636,67.87068534940299,9.263733831433475,245.43,2024-12-13,Turbine,373551.89324723184
16,4.995244730679962,65.17414310100494,8.988475624294596,284.21,2024-12-13,Turbine,405910.4054946924
17,4.677668694235971,62.55772463404045,8.72139630937952,260.0,2024-12-13,Turbine,437307.43220845866
18,4.369528961987726,60.01904918835082,8.462252862951686,225.6,2024-12-13,Turbine,467771.54251508473
19,4.070545148053878,57.55580674455907,8.210809482367056,175.0,2024-12-13,Turbine,497330.45665160613
20,-3.5046121794691123,59.822748103258114,-7.556472425557871,146.22,2024-12-13,Pump,470127.1559195977
21,-3.7267568696934177,62.09741063997357,-7.582209689801567,135.09,2024-12-13,Pump,442831.20103631204
22,-3.9496581823561634,64.37982065295513,-7.608034614891933,116.52,2024-12-13,Pump,415442.2764227012
23,-4.17331869450528,66.67000453002413,-7.633947499400882,116.94,2024-12-13,Pump,387960.0654248579
0,-6.722497138962345,76.0979742974275,-9.917802832773871,-0.08,2024-10-21,Pump,274824.409802014
1,-7.112858512661004,79.12170717620874,-10.079111236417509,-0.04,2024-10-21,Pump,238539.60935091076
2,-7.509568930709221,82.1946196496991,-10.24304324546296,0.09,2024-10-21,Pump,201664.65366724425
3,-7.912731657330534,85.31751160090177,-10.409641531619483,5.91,2024-10-21,Pump,164189.944153414
4,-6.225068666685003,87.67900902935185,-7.871659376027957,44.88,2024-10-21,Pump,135851.97039971338
5,3.552060522742937,86.29188027467822,4.623763268144296,96.17,2024-10-21,Turbine,152497.51816503273
6,3.62940821213488,84.82497657384087,4.889679798637356,120.31,2024-10-21,Turbine,170100.3654401272
7,3.3894083295783304,83.43545741250325,4.63173129165447,103.9,2024-10-21,Turbine,186774.59809008322
8,0.0,83.43545741250325,0.0,89.63,2024-10-21,Idle,186774.59809008322
9,0.0,83.43545741250325,0.0,82.57,2024-10-21,Idle,186774.59809008322
10,0.0,83.43545741250325,0.0,75.82,2024-10-21,Idle,186774.59809008322
11,0.0,83.43545741250325,0.0,81.6,2024-10-21,Idle,186774.59809008322
12,0.0,83.43545741250325,0.0,81.44,2024-10-21,Idle,186774.59809008322
13,0.0,83.43545741250325,0.0,83.09,2024-10-21,Idle,186774.59809008322
14,3.3102192024191788,82.04477445365643,4.635610617316502,91.49,2024-10-21,Turbine,203462.79631242272
15,3.230963750079696,80.65292672255693,4.639493192124061,106.19,2024-10-21,Turbine,220164.97180406936
16,6.500629470922106,77.57657899748897,10.25449408591868,148.8,2024-10-21,Turbine,257081.15051337657
17,6.138323144058148,74.59164041421487,9.949796897013147,170.8,2024-10-21,Turbine,292900.4193426239
18,5.786782216090828,71.69539488471396,9.654153336316767,119.49,2024-10-21,Turbine,327655.3713533643
19,2.6411494045802217,70.29487898803632,4.668387082087321,91.78,2024-10-21,Turbine,344461.56484887865
20,3.5027078594444654,68.42001795183813,6.249537804504513,97.73,2024-10-21,Turbine,366959.9009450949
21,3.144350957949253,66.67000453002412,5.833379022156436,92.97,2024-10-21,Turbine,387960.065424858
22,0.0,66.67000453002412,0.0,82.44,2024-10-21,Idle,387960.065424858
23,0.0,66.67000453002412,0.0,78.72,2024-10-21,Idle,387960.065424858
0,0.0,73.1226339318629,0.0,51.06,2024-08-05,Idle,310528.50000000093
1,0.0,73.12263393186282,0.0,46.45,2024-08-05,Idle,310528.50000000175
2,0.0,73.12263393186255,0.0,48.45,2024-08-05,Idle,310528.500000005
3,0.0,73.12263393186223,0.0,54.7,2024-08-05,Idle,310528.50000000885
4,0.0,73.12263393186223,0.0,69.99,2024-08-05,Idle,310528.50000000885
5,2.812335983787184,71.67815235796786,4.814939363329296,80.11,2024-08-05,Turbine,327862.2817079944
6,2.8297221495592697,70.18234394108192,4.986028867814468,78.56,2024-08-05,Turbine,345811.98563212634
7,0.0,70.18234394108192,0.0,70.12,2024-08-05,Idle,345811.98563212634
8,0.0,70.18234394108192,0.0,45.78,2024-08-05,Idle,345811.98563212634
9,-4.741926141457489,72.49229115039593,-7.699825284273215,27.18,2024-08-05,Pump,318092.61460874276
10,-4.968285109799766,74.81010601519345,-7.726050806820146,30.4,2024-08-05,Pump,290278.83170419023
11,-5.539049441161103,77.26888370833305,-8.195926977770933,8.26,2024-08-05,Pump,260773.49458421487
12,-6.427416063966047,79.98674302793894,-9.059532539886012,3.31,2024-08-05,Pump,228159.17744062527
13,-5.7966319435254166,82.36646185070042,-7.932397366951692,9.97,2024-08-05,Pump,199602.54691959918
14,-5.93588605061098,84.71790803527111,-7.838155224310176,27.18,2024-08-05,Pump,171385.18811208254
15,0.0,84.71790803527111,0.0,60.36,2024-08-05,Idle,171385.18811208254
16,3.3833064604199485,83.32829919823705,4.632030210691252,94.75,2024-08-05,Turbine,188060.49687057105
17,6.815712309821663,80.17245672035294,10.519476638434474,127.87,2024-08-05,Turbine,225930.61276893516
18,6.444043760454999,77.11038545376245,10.206905883248288,171.91,2024-08-05,Turbine,262675.473948629
19,6.083418794637924,74.13929912502857,9.903622707697084,136.76,2024-08-05,Turbine,298328.5156963385
20,5.733509268550291,71.25649425072586,9.609351145030782,111.88,2024-08-05,Turbine,332922.1798184493
21,5.393996788682278,68.45934767745715,9.323823428444868,99.04,2024-08-05,Turbine,366487.94416085084
22,3.2249042573386584,66.67000453002412,5.964478128890882,78.78,2024-08-05,Turbine,387960.065424858
23,0.0,66.67000453002412,0.0,65.9,2024-08-05,Idle,387960.065424858
