Time,Power,Head,Flow,Price,Date,Mode,Revenue,c,d,e,a,b
0,-6.722497138962345,76.0979742974275,-9.917802832773871,1.09,2023-09-25,Pump,-7.327521881468957,1.39837646484375,0.17681884765625,-14.5078125,-14754.0,1446656.0
1,-7.112858512661004,79.12170717620874,-10.079111236417509,0.0,2023-09-25,Pump,-0.0,1.2779541015625,0.17333984375,-15.01171875,-15530.0,1506688.0
2,-7.509568930709221,82.1946196496991,-10.24304324546296,0.49,2023-09-25,Pump,-3.679688776047518,1.20458984375,0.1629638671875,-14.6796875,-16152.0,1556864.0
3,-7.895441481924182,85.31081618377983,-10.387323470913849,43.31,2023-09-25,Pump,-341.95157058213636,1.1873321533203125,0.150390625,-13.73828125,-16380.0,1575808.0
4,0.0,85.31081618377983,0.0,86.87,2023-09-25,Idle,0.0,0.0,0.0,0.0,-16380.0,1575808.0
5,3.417096479350496,83.92170393941296,4.630374901531193,139.15,2023-09-25,Turbine,475.4889751016216,1.644683837890625,-0.114166259765625,8.916015625,-16357.0,1573824.0
6,3.3379305425154757,82.53142823835185,4.634253091143231,143.0,2023-09-25,Turbine,477.324067579713,1.6833038330078125,-0.1102294921875,8.43359375,-16170.0,1558272.0
7,3.258698299923278,81.13998810613853,4.638134528948989,118.32,2023-09-25,Turbine,385.5691828469222,1.71942138671875,-0.102142333984375,7.6328125,-15970.0,1541760.0
8,0.0,81.13998810613853,0.0,99.68,2023-09-25,Idle,0.0,0.0,0.0,0.0,-15970.0,1541760.0
9,0.0,81.13998810613853,0.0,89.01,2023-09-25,Idle,0.0,0.0,0.0,0.0,-15970.0,1541760.0
10,0.0,81.13998810613853,0.0,89.71,2023-09-25,Idle,0.0,0.0,0.0,0.0,-15970.0,1541760.0
11,0.0,81.13998810613853,0.0,76.11,2023-09-25,Idle,0.0,0.0,0.0,0.0,-15970.0,1541760.0
12,0.0,81.13998810613853,0.0,84.09,2023-09-25,Idle,0.0,0.0,0.0,0.0,-15970.0,1541760.0
13,0.0,81.13998810613853,0.0,92.06,2023-09-25,Idle,0.0,0.0,0.0,0.0,-15970.0,1541760.0
14,0.0,81.13998810613853,0.0,97.46,2023-09-25,Idle,0.0,0.0,0.0,0.0,-15970.0,1541760.0
15,0.0,81.13998810613853,0.0,109.19,2023-09-25,Idle,0.0,0.0,0.0,0.0,-15970.0,1541760.0
16,6.557991458776987,78.04916806940331,10.302735132661288,183.01,2023-09-25,Turbine,1200.1780168707764,2.197113037109375,-0.18719482421875,12.27734375,-15284.0,1487360.0
17,6.193980704926874,75.05018719788825,9.99660453210145,300.0,2023-09-25,Turbine,1858.1942114780622,2.343597412109375,-0.150146484375,8.57421875,-14454.0,1423744.0
18,5.840785994511004,72.1403166260599,9.699570151466986,203.5,2023-09-25,Turbine,1188.5999498829892,2.4217376708984375,-0.11090087890625,5.24609375,-13550.0,1357312.0
19,4.260439734164507,69.93899874682309,7.337727458414092,131.5,2023-09-25,Turbine,560.2478250426326,2.2339935302734375,-0.0694580078125,3.21484375,-12864.0,1308800.0
20,3.19579439512907,68.20791214562136,5.770289609846998,120.57,2023-09-25,Turbine,385.316930220712,1.9500579833984375,-0.0523681640625,3.091796875,-12332.0,1271808.0
21,0.0,68.20791214562136,0.0,110.09,2023-09-25,Idle,0.0,0.0,0.0,0.0,-12332.0,1271808.0
22,2.709925793738181,66.67000453002412,5.126359553025793,114.12,2023-09-25,Turbine,309.25673158140125,1.8742408752441406,-0.041259765625,2.56640625,-11844.0,1238912.0
23,0.0,66.67000453002412,0.0,107.99,2023-09-25,Idle,0.0,0.0,0.0,0.0,-11844.0,1238912.0
0,-5.030054374975872,75.4425957374309,-7.733207277219606,160.14,2023-01-23,Pump,-805.5129076086362,1.625823974609375,0.157867431640625,-11.74609375,-14552.0,1431168.0
1,-5.257394704999162,77.77045930809005,-7.759546498477317,160.89,2023-01-23,Pump,-845.8622340873151,1.50311279296875,0.15777587890625,-12.4140625,-15214.0,1481856.0
2,-5.485509353754464,80.10625155716781,-7.785975430840917,152.47,2023-01-23,Pump,-836.3756111669431,1.3941497802734375,0.15228271484375,-12.6171875,-15782.0,1526656.0
3,-5.714400958563107,82.44999948965804,-7.8124943798654,151.13,2023-01-23,Pump,-863.6174168676423,1.3084869384765625,0.15081787109375,-13.0,-16185.0,1559552.0
4,-5.944072165729088,84.80173020253335,-7.839103652146587,155.41,2023-01-23,Pump,-923.7682552759575,1.2386474609375,0.1468505859375,-13.09765625,-16384.0,1576128.0
5,0.0,84.80173020253335,0.0,189.9,2023-01-23,Idle,0.0,0.0,0.0,0.0,-16384.0,1576128.0
6,3.388083511681116,83.41219157110147,4.631796191979181,226.54,2023-01-23,Turbine,767.53643873624,1.6604156494140625,-0.110931396484375,8.58203125,-16290.0,1568192.0
7,4.01509784830129,81.6665226400017,5.818897384085252,257.9,2023-01-23,Turbine,1035.4937350769026,1.8014678955078125,-0.121185302734375,8.87890625,-16067.0,1549824.0
8,6.481155473147771,78.62984731937304,10.122252716263988,270.13,2023-01-23,Turbine,1750.7545279614073,2.1781463623046875,-0.1982421875,13.25390625,-15423.0,1498240.0
9,4.638463510037122,76.42985146489698,7.333320708494324,249.8,2023-01-23,Turbine,1158.688184807273,2.1548995971679688,-0.11993408203125,7.25,-14830.0,1452288.0
10,2.91096755073424,75.03330093187097,4.655169201097225,230.14,2023-01-23,Turbine,669.930072125978,1.8191375732421875,-0.07427978515625,5.099609375,-14436.0,1422336.0
11,2.831377703525857,73.63558071218132,4.659068157277232,220.88,2023-01-23,Turbine,625.3947071547913,1.8313217163085938,-0.068511962890625,4.625,-14008.0,1390720.0
12,2.942951222401953,72.14057001442568,4.983369803614042,219.1,2023-01-23,Turbine,644.800612828268,1.8683547973632812,-0.065185546875,4.263671875,-13552.0,1357312.0
13,3.752715807811224,70.19446183014935,6.487028336752329,219.62,2023-01-23,Turbine,824.1714457115011,2.0502548217773438,-0.063140869140625,3.509765625,-12960.0,1315328.0
14,4.389933424135609,67.87068534940296,7.7459228632173565,218.99,2023-01-23,Turbine,961.3515205514572,2.2944107055664062,-0.0565185546875,2.0625,-12220.0,1264384.0
15,4.995244730679962,65.17414310100494,8.988475624294576,224.58,2023-01-23,Turbine,1121.832061616106,2.3897323608398438,-0.04669189453125,0.96875,-11358.0,1206912.0
16,4.677668694235971,62.55772463404045,8.7213963093795,248.9,2023-01-23,Turbine,1164.271737995333,2.3023834228515625,-0.036895751953125,0.724609375,-10462.0,1149696.0
17,4.369528961987726,60.01904918835082,8.462252862951686,248.07,2023-01-23,Turbine,1083.9490496002952,2.2005348205566406,-0.033843994140625,0.95703125,-9510.0,1091328.0
18,4.070545148053877,57.55580674455907,8.210809482367068,223.19,2023-01-23,Turbine,908.5049715941448,2.100303888320923,-0.0396728515625,1.681640625,-8412.0,1026816.0
19,0.0,57.55580674455907,0.0,206.15,2023-01-23,Idle,0.0,0.0,0.0,0.0,-8412.0,1026816.0
20,-3.5046121794691127,59.82274810325811,-7.556472425557871,184.01,2023-01-23,Pump,-644.8836871441114,2.6321277618408203,0.1419677734375,-6.0234375,-9428.0,1086464.0
21,-3.726756869693417,62.09741063997356,-7.582209689801567,177.92,2023-01-23,Pump,-663.0645822558527,2.5043258666992188,0.14697265625,-6.84375,-10310.0,1140224.0
22,-3.9496581823561616,64.37982065295513,-7.608034614891931,170.22,2023-01-23,Pump,-672.3108158006659,2.3648681640625,0.15203857421875,-7.7578125,-11102.0,1190144.0
23,-4.173318694505279,66.67000453002412,-7.633947499400875,164.85,2023-01-23,Pump,-687.9715867891953,2.207183837890625,0.15399169921875,-8.58984375,-11844.0,1238912.0
0,0.0,73.12263393186294,0.0,-0.09,2023-12-24,Idle,-0.0,0.0,0.0,0.0,-13860.0,1379584.0
1,0.0,73.12263393186308,0.0,-0.29,2023-12-24,Idle,-0.0,0.0,0.0,0.0,-13860.0,1379584.0
2,0.0,73.12263393186339,0.0,-0.97,2023-12-24,Idle,-0.0,0.0,0.0,0.0,-13860.0,1379584.0
3,0.0,73.12263393186288,0.0,-3.74,2023-12-24,Idle,-0.0,0.0,0.0,0.0,-13860.0,1379584.0
4,0.0,73.12263393186191,0.0,-4.97,2023-12-24,Idle,-0.0,0.0,0.0,0.0,-13860.0,1379584.0
5,0.0,73.12263393186149,0.0,-4.22,2023-12-24,Idle,-0.0,0.0,0.0,0.0,-13860.0,1379584.0
6,0.0,73.12263393186097,0.0,-3.05,2023-12-24,Idle,-0.0,0.0,0.0,0.0,-13860.0,1379584.0
7,0.0,73.12263393186086,0.0,-1.62,2023-12-24,Idle,-0.0,0.0,0.0,0.0,-13860.0,1379584.0
8,0.0,73.12263393186075,0.0,-0.67,2023-12-24,Idle,-0.0,0.0,0.0,0.0,-13860.0,1379584.0
9,0.0,73.12263393186068,0.0,-0.89,2023-12-24,Idle,-0.0,0.0,0.0,0.0,-13860.0,1379584.0
10,0.0,73.12263393186059,0.0,-0.91,2023-12-24,Idle,-0.0,0.0,0.0,0.0,-13860.0,1379584.0
11,0.0,73.12263393186052,0.0,-0.55,2023-12-24,Idle,-0.0,0.0,0.0,0.0,-13860.0,1379584.0
12,0.0,73.12263393186045,0.0,-1.03,2023-12-24,Idle,-0.0,0.0,0.0,0.0,-13860.0,1379584.0
13,0.0,73.12263393186038,0.0,-0.15,2023-12-24,Idle,-0.0,0.0,0.0,0.0,-13860.0,1379584.0
14,0.0,73.12263393186025,0.0,0.22,2023-12-24,Idle,0.0,0.0,0.0,0.0,-13860.0,1379584.0
15,0.0,73.12263393186016,0.0,0.39,2023-12-24,Idle,0.0,0.0,0.0,0.0,-13860.0,1379584.0
16,0.0,73.12263393186043,0.0,9.83,2023-12-24,Idle,0.0,0.0,0.0,0.0,-13860.0,1379584.0
17,0.0,73.12263393186043,0.0,10.09,2023-12-24,Idle,0.0,0.0,0.0,0.0,-13860.0,1379584.0
18,0.0,73.12263393186043,0.0,9.49,2023-12-24,Idle,0.0,0.0,0.0,0.0,-13860.0,1379584.0
19,0.0,73.12263393186043,0.0,2.54,2023-12-24,Idle,0.0,0.0,0.0,0.0,-13860.0,1379584.0
20,0.0,73.12263393186043,0.0,-1.91,2023-12-24,Idle,-0.0,0.0,0.0,0.0,-13860.0,1379584.0
21,0.0,73.12263393186043,0.0,-2.57,2023-12-24,Idle,-0.0,0.0,0.0,0.0,-13860.0,1379584.0
22,0.0,73.12263393186043,0.0,-4.79,2023-12-24,Idle,-0.0,0.0,0.0,0.0,-13860.0,1379584.0
23,0.0,73.12263393186043,0.0,-3.91,2023-12-24,Idle,-0.0,0.0,0.0,0.0,-13860.0,1379584.0
0,0.0,73.12263393186292,0.0,94.54,2023-10-24,Idle,0.0,0.0,0.0,0.0,-13860.0,1379584.0
1,0.0,73.12263393186318,0.0,89.46,2023-10-24,Idle,0.0,0.0,0.0,0.0,-13860.0,1379584.0
2,0.0,73.12263393186318,0.0,90.31,2023-10-24,Idle,0.0,0.0,0.0,0.0,-13860.0,1379584.0
3,0.0,73.12263393186318,0.0,94.69,2023-10-24,Idle,0.0,0.0,0.0,0.0,-13860.0,1379584.0
4,0.0,73.12263393186318,0.0,102.0,2023-10-24,Idle,0.0,0.0,0.0,0.0,-13860.0,1379584.0
5,0.0,73.12263393186322,0.0,120.59,2023-10-24,Idle,0.0,0.0,0.0,0.0,-13860.0,1379584.0
6,2.7224881997087538,71.72331342514087,4.664402448254437,130.77,2023-10-24,Turbine,356.01978187591374,1.84002685546875,-0.059722900390625,3.95703125,-13424.0,1348096.0
7,3.851850336918877,69.71507424846938,6.694131678444489,136.35,2023-10-24,Turbine,525.1997934388888,2.0952529907226562,-0.06597900390625,3.533203125,-12792.0,1303552.0
8,0.0,69.71507424846938,0.0,128.37,2023-10-24,Idle,0.0,0.0,0.0,0.0,-12792.0,1303552.0
9,0.0,69.71507424846938,0.0,125.0,2023-10-24,Idle,0.0,0.0,0.0,0.0,-12792.0,1303552.0
10,0.0,69.71507424846963,0.0,118.99,2023-10-24,Idle,0.0,0.0,0.0,0.0,-12792.0,1303552.0
11,0.0,69.71507424846966,0.0,112.54,2023-10-24,Idle,0.0,0.0,0.0,0.0,-12792.0,1303552.0
12,0.0,69.71507424846966,0.0,110.0,2023-10-24,Idle,0.0,0.0,0.0,0.0,-12792.0,1303552.0
13,0.0,69.71507424846993,0.0,109.59,2023-10-24,Idle,0.0,0.0,0.0,0.0,-12792.0,1303552.0
14,0.0,69.71507424846993,0.0,118.1,2023-10-24,Idle,0.0,0.0,0.0,0.0,-12792.0,1303552.0
15,3.835603623368847,67.65579210140257,6.864274940789942,133.16,2023-10-24,Turbine,510.7489784877957,2.125091552734375,-0.05255126953125,2.494140625,-12166.0,1260672.0
16,4.969936413705108,64.96563508937328,8.967191499601215,149.98,2023-10-24,Turbine,745.391063327492,2.379840850830078,-0.04522705078125,0.916015625,-11282.0,1202048.0
17,4.653112376625838,62.35541213088304,8.70074461110406,154.12,2023-10-24,Turbine,717.1376794855742,2.2931747436523438,-0.035491943359375,0.673828125,-10400.0,1145728.0
18,4.345702299188742,59.82274810325811,8.44221479947462,133.45,2023-10-24,Turbine,579.9339718267377,2.193206787109375,-0.03314208984375,0.939453125,-9428.0,1086464.0
19,0.0,59.82274810325811,0.0,119.31,2023-10-24,Idle,0.0,0.0,0.0,0.0,-9428.0,1086464.0
20,0.0,59.82274810325811,0.0,114.1,2023-10-24,Idle,0.0,0.0,0.0,0.0,-9428.0,1086464.0
21,-3.726756869693417,62.09741063997355,-7.582209689801568,102.78,2023-10-24,Pump,-383.0360710670894,2.5043258666992188,0.14697265625,-6.84375,-10310.0,1140224.0
22,-3.9496581823561616,64.37982065295513,-7.608034614891932,99.07,2023-10-24,Pump,-391.2926361260249,2.3648681640625,0.15203857421875,-7.7578125,-11102.0,1190144.0
23,-4.173318694505278,66.67000453002412,-7.633947499400882,94.56,2023-10-24,Pump,-394.62901575241915,2.207183837890625,0.15399169921875,-8.58984375,-11844.0,1238912.0
0,0.0,73.12263393186292,0.0,127.56,2023-02-22,Idle,0.0,0.0,0.0,0.0,-13860.0,1379584.0
1,0.0,73.12263393186291,0.0,125.3,2023-02-22,Idle,0.0,0.0,0.0,0.0,-13860.0,1379584.0
2,0.0,73.12263393186291,0.0,124.48,2023-02-22,Idle,0.0,0.0,0.0,0.0,-13860.0,1379584.0
3,0.0,73.1226339318629,0.0,125.42,2023-02-22,Idle,0.0,0.0,0.0,0.0,-13860.0,1379584.0
4,0.0,73.1226339318629,0.0,129.24,2023-02-22,Idle,0.0,0.0,0.0,0.0,-13860.0,1379584.0
5,0.0,73.1226339318629,0.0,153.37,2023-02-22,Idle,0.0,0.0,0.0,0.0,-13860.0,1379584.0
6,3.6530753113291663,71.25556335775327,6.223569593316028,173.13,2023-02-22,Turbine,632.4569286504185,2.0059547424316406,-0.069671630859375,4.1328125,-13274.0,1337472.0
7,4.62322319314852,68.84581078143107,8.032509895115124,176.34,2023-02-22,Turbine,815.25917787981,2.338137626647949,-0.066802978515625,2.55859375,-12528.0,1285248.0
8,3.6039991250809584,66.87731363596588,6.561658219528679,164.55,2023-02-22,Turbine,593.0380560320717,2.0540390014648438,-0.046417236328125,2.34765625,-11896.0,1242368.0
9,0.0,66.87731363596588,0.0,150.91,2023-02-22,Idle,0.0,0.0,0.0,0.0,-11896.0,1242368.0
10,0.0,66.87731363596582,0.0,144.93,2023-02-22,Idle,0.0,0.0,0.0,0.0,-11896.0,1242368.0
11,-4.418055861137007,69.17600394741721,-7.66230228529065,120.1,2023-02-22,Pump,-530.6085089225545,2.0311431884765625,0.155487060546875,-9.513671875,-12628.0,1292032.0
12,0.0,69.17600394741721,0.0,131.1,2023-02-22,Idle,0.0,0.0,0.0,0.0,-12628.0,1292032.0
13,0.0,69.17600394741721,0.0,136.12,2023-02-22,Idle,0.0,0.0,0.0,0.0,-12628.0,1292032.0
14,0.0,69.17600394741721,0.0,151.01,2023-02-22,Idle,0.0,0.0,0.0,0.0,-12628.0,1292032.0
15,0.0,69.17600394741721,0.0,157.02,2023-02-22,Idle,0.0,0.0,0.0,0.0,-12628.0,1292032.0
16,3.2767171546329696,67.3817468619576,5.980857924978805,165.01,2023-02-22,Turbine,540.6910976859863,1.9690284729003906,-0.047027587890625,2.673828125,-12076.0,1254400.0
17,4.937661673340486,64.69973270060355,8.940048659599286,175.0,2023-02-22,Turbine,864.090792834585,2.3748092651367188,-0.043914794921875,0.8515625,-11204.0,1196928.0
18,4.6217966326367925,62.09741063997356,8.674408280616717,172.73,2023-02-22,Turbine,798.3229323553531,2.2858104705810547,-0.0361328125,0.748046875,-10310.0,1140224.0
19,0.0,62.09741063997356,0.0,162.06,2023-02-22,Idle,0.0,0.0,0.0,0.0,-10310.0,1140224.0
20,0.0,62.09741063997356,0.0,154.02,2023-02-22,Idle,0.0,0.0,0.0,0.0,-10310.0,1140224.0
21,0.0,62.09741063997356,0.0,151.93,2023-02-22,Idle,0.0,0.0,0.0,0.0,-10310.0,1140224.0
22,-3.9496581823561625,64.37982065295513,-7.608034614891933,134.62,2023-02-22,Pump,-531.7029845087866,2.3648681640625,0.15203857421875,-7.7578125,-11102.0,1190144.0
23,-4.17331869450528,66.67000453002412,-7.633947499400885,134.77,2023-02-22,Pump,-562.4381604584767,2.207183837890625,0.15399169921875,-8.58984375,-11844.0,1238912.0
0,0.0,73.12263393186322,0.0,29.15,2023-07-15,Idle,0.0,0.0,0.0,0.0,-13860.0,1379584.0
1,0.0,73.12263393186322,0.0,19.95,2023-07-15,Idle,0.0,0.0,0.0,0.0,-13860.0,1379584.0
2,0.0,73.12263393186322,0.0,10.0,2023-07-15,Idle,0.0,0.0,0.0,0.0,-13860.0,1379584.0
3,0.0,73.12263393186322,0.0,13.69,2023-07-15,Idle,0.0,0.0,0.0,0.0,-13860.0,1379584.0
4,0.0,73.12263393186322,0.0,19.74,2023-07-15,Idle,0.0,0.0,0.0,0.0,-13860.0,1379584.0
5,0.0,73.12263393186322,0.0,22.6,2023-07-15,Idle,0.0,0.0,0.0,0.0,-13860.0,1379584.0
6,0.0,73.12263393186322,0.0,29.95,2023-07-15,Idle,0.0,0.0,0.0,0.0,-13860.0,1379584.0
7,0.0,73.12263393186322,0.0,17.41,2023-07-15,Idle,0.0,0.0,0.0,0.0,-13860.0,1379584.0
8,0.0,73.12263393186322,0.0,4.6,2023-07-15,Idle,0.0,0.0,0.0,0.0,-13860.0,1379584.0
9,-5.030054374975879,75.44259573743113,-7.733207277219561,0.0,2023-07-15,Pump,-0.0,1.625823974609375,0.157867431640625,-11.74609375,-14552.0,1431168.0
10,-5.257394704999175,77.77045930809028,-7.759546498477317,-0.02,2023-07-15,Pump,0.1051478940999835,1.50311279296875,0.15777587890625,-12.4140625,-15214.0,1481856.0
11,-5.485509353754486,80.10625155716802,-7.785975430840917,-0.18,2023-07-15,Pump,0.9873916836758074,1.3941497802734375,0.15228271484375,-12.6171875,-15782.0,1526656.0
12,-5.714400958563127,82.44999948965825,-7.8124943798654,-1.01,2023-07-15,Pump,5.771544968148758,1.3084869384765625,0.15081787109375,-13.0,-16185.0,1559552.0
13,-5.944072165729109,84.80173020253356,-7.839103652146587,-0.1,2023-07-15,Pump,0.594407216572911,1.2386474609375,0.1468505859375,-13.09765625,-16384.0,1576128.0
14,0.0,84.80173020253356,0.0,-0.01,2023-07-15,Idle,-0.0,0.0,0.0,0.0,-16384.0,1576128.0
15,0.0,84.80173020253356,0.0,1.06,2023-07-15,Idle,0.0,0.0,0.0,0.0,-16384.0,1576128.0
16,3.38808351168113,83.4121915711017,4.631796191979148,42.0,2023-07-15,Turbine,142.29950749060745,1.6604156494140625,-0.110931396484375,8.58203125,-16290.0,1568192.0
17,5.408341161842888,80.96622317780414,8.153229304681332,69.08,2023-07-15,Turbine,373.60820746010666,2.0926971435546875,-0.18438720703125,12.65234375,-15938.0,1539328.0
18,6.537526888920462,77.88056630999273,10.285524566780708,88.65,2023-07-15,Turbine,579.551758702799,2.20538330078125,-0.1834716796875,11.9375,-15225.0,1482752.0
19,6.17412420962334,74.88659519144124,9.979905352838236,84.03,2023-07-15,Turbine,518.8116573346492,2.34967041015625,-0.14776611328125,8.3515625,-14398.0,1419648.0
20,5.821519505720692,71.98158551514554,9.68336716372096,83.03,2023-07-15,Turbine,483.3607645599891,2.4286422729492188,-0.11151123046875,5.25,-13502.0,1353856.0
21,5.479391931276972,69.16289392287175,9.395640170150685,71.82,2023-07-15,Turbine,393.52992850431207,2.4446792602539062,-0.079681396484375,2.91796875,-12620.0,1291648.0
22,4.665874679817645,66.67000453002386,8.30963266197204,57.1,2023-07-15,Turbine,266.4214442175876,2.3434181213378906,-0.05218505859375,1.544921875,-11844.0,1238912.0
23,0.0,66.67000453002412,0.0,19.68,2023-07-15,Idle,0.0,0.0,0.0,0.0,-11844.0,1238912.0
0,0.0,73.12263393186292,0.0,143.73,2023-02-06,Idle,0.0,0.0,0.0,0.0,-13860.0,1379584.0
1,0.0,73.12263393186304,0.0,145.39,2023-02-06,Idle,0.0,0.0,0.0,0.0,-13860.0,1379584.0
2,0.0,73.12263393186304,0.0,142.09,2023-02-06,Idle,0.0,0.0,0.0,0.0,-13860.0,1379584.0
3,0.0,73.12263393186304,0.0,140.1,2023-02-06,Idle,0.0,0.0,0.0,0.0,-13860.0,1379584.0
4,0.0,73.12263393186304,0.0,148.93,2023-02-06,Idle,0.0,0.0,0.0,0.0,-13860.0,1379584.0
5,2.722488199708744,71.7233134251407,4.664402448254404,175.66,2023-02-06,Turbine,478.23227716083795,1.84002685546875,-0.059722900390625,3.95703125,-13424.0,1348096.0
6,5.448974819616078,68.9122960076373,9.370059583419255,200.65,2023-02-06,Turbine,1093.336797555966,2.4466476440429688,-0.07501220703125,2.58203125,-12556.0,1287168.0
7,5.117916861834738,66.18480383261794,9.091642063157051,213.39,2023-02-06,Turbine,1092.1122791469147,2.4100074768066406,-0.0535888671875,1.32421875,-11702.0,1229568.0
8,4.796695803685461,63.53835507051853,8.821497309455072,200.59,2023-02-06,Turbine,962.1692112612666,2.3402862548828125,-0.040985107421875,0.8203125,-10818.0,1172224.0
9,4.4850193561835,60.97054163568515,8.559379509239225,185.08,2023-02-06,Turbine,830.0873824424422,2.2400875091552734,-0.03302001953125,0.748046875,-9892.0,1114496.0
10,0.0,60.97054163568515,0.0,172.43,2023-02-06,Idle,0.0,0.0,0.0,0.0,-9892.0,1114496.0
11,-3.839232756078404,63.24911354489316,-7.595240933564394,153.62,2023-02-06,Pump,-589.7829359887644,2.4371185302734375,0.148162841796875,-7.201171875,-10726.0,1166208.0
12,-4.062517160406931,65.53544624564817,-7.621110242931625,149.11,2023-02-06,Pump,-605.7619337882776,2.28289794921875,0.15240478515625,-8.14453125,-11466.0,1213952.0
13,-4.286562069027943,67.82956617112319,-7.647067662889754,152.84,2023-02-06,Pump,-655.1581466302309,2.131744384765625,0.156707763671875,-9.123046875,-12206.0,1263360.0
14,0.0,67.82956617112319,0.0,162.88,2023-02-06,Idle,0.0,0.0,0.0,0.0,-12206.0,1263360.0
15,0.0,67.82956617112319,0.0,181.8,2023-02-06,Idle,0.0,0.0,0.0,0.0,-12206.0,1263360.0
16,4.911026358278761,65.17414310100494,8.851411674386698,198.94,2023-02-06,Turbine,976.9995837159767,2.3728103637695312,-0.045196533203125,0.94140625,-11358.0,1206912.0
17,4.677668694235972,62.55772463404046,8.721396309379504,213.5,2023-02-06,Turbine,998.6822662193802,2.3023834228515625,-0.036895751953125,0.724609375,-10462.0,1149696.0
18,4.369528961987728,60.019049188350834,8.4622528629517,205.38,2023-02-06,Turbine,897.4138582130397,2.2005348205566406,-0.033843994140625,0.95703125,-9510.0,1091328.0
19,4.07054514805388,57.55580674455908,8.210809482367068,186.21,2023-02-06,Turbine,757.9762120191131,2.100303888320923,-0.0396728515625,1.681640625,-8412.0,1026816.0
20,-3.504612179469113,59.822748103258114,-7.5564724255578835,166.47,2023-02-06,Pump,-583.4127895162233,2.6321277618408203,0.1419677734375,-6.0234375,-9428.0,1086464.0
21,-3.7267568696934177,62.09741063997356,-7.582209689801568,157.31,2023-02-06,Pump,-586.2561231714716,2.5043258666992188,0.14697265625,-6.84375,-10310.0,1140224.0
22,-3.9496581823561625,64.37982065295513,-7.608034614891933,154.0,2023-02-06,Pump,-608.247360082849,2.3648681640625,0.15203857421875,-7.7578125,-11102.0,1190144.0
23,-4.173318694505276,66.67000453002412,-7.633947499400879,145.63,2023-02-06,Pump,-607.7604014808032,2.207183837890625,0.15399169921875,-8.58984375,-11844.0,1238912.0
0,0.0,73.12263393186294,0.0,114.94,2023-03-20,Idle,0.0,0.0,0.0,0.0,-13860.0,1379584.0
1,0.0,73.12263393186294,0.0,113.06,2023-03-20,Idle,0.0,0.0,0.0,0.0,-13860.0,1379584.0
2,0.0,73.1226339318632,0.0,110.18,2023-03-20,Idle,0.0,0.0,0.0,0.0,-13860.0,1379584.0
3,0.0,73.1226339318632,0.0,110.25,2023-03-20,Idle,0.0,0.0,0.0,0.0,-13860.0,1379584.0
4,0.0,73.1226339318632,0.0,116.4,2023-03-20,Idle,0.0,0.0,0.0,0.0,-13860.0,1379584.0
5,0.0,73.1226339318632,0.0,135.77,2023-03-20,Idle,0.0,0.0,0.0,0.0,-13860.0,1379584.0
6,3.7608941751738394,71.2013693116517,6.404216443057748,148.43,2023-03-20,Turbine,558.229522421053,2.0341949462890625,-0.070159912109375,4.06640625,-13260.0,1336448.0
7,4.223036092131618,68.99116886614327,7.3673360174719456,148.51,2023-03-20,Turbine,627.1630900424666,2.2382965087890625,-0.06585693359375,2.947265625,-12572.0,1288320.0
8,0.0,68.99116886614327,0.0,137.56,2023-03-20,Idle,0.0,0.0,0.0,0.0,-12572.0,1288320.0
9,0.0,68.99116886614327,0.0,122.75,2023-03-20,Idle,0.0,0.0,0.0,0.0,-12572.0,1288320.0
10,0.0,68.99116886614327,0.0,115.79,2023-03-20,Idle,0.0,0.0,0.0,0.0,-12572.0,1288320.0
11,0.0,68.99116886614354,0.0,104.6,2023-03-20,Idle,0.0,0.0,0.0,0.0,-12572.0,1288320.0
12,-4.62519916172787,71.29705894589527,-7.686301516864564,100.0,2023-03-20,Pump,-462.51991617278696,1.8860931396484375,0.15545654296875,-10.220703125,-13292.0,1338752.0
13,-4.851160559225913,73.61080286259067,-7.712480977604348,101.79,2023-03-20,Pump,-493.7996333236057,1.7380218505859375,0.15789794921875,-11.15234375,-14022.0,1391616.0
14,0.0,73.61080286259067,0.0,104.8,2023-03-20,Idle,0.0,0.0,0.0,0.0,-14022.0,1391616.0
15,0.0,73.61080286259067,0.0,113.9,2023-03-20,Idle,0.0,0.0,0.0,0.0,-14022.0,1391616.0
16,0.0,73.61080286259067,0.0,133.0,2023-03-20,Idle,0.0,0.0,0.0,0.0,-14022.0,1391616.0
17,3.372556806987007,71.89912479483074,5.705594487844564,150.98,2023-03-20,Turbine,509.18862671889826,1.94573974609375,-0.069580078125,4.330078125,-13480.0,1352064.0
18,5.469680402100877,69.08288340141264,9.387472839302388,165.47,2023-03-20,Turbine,905.0680161356322,2.4459915161132812,-0.077545166015625,2.76953125,-12616.0,1291136.0
19,4.502000882378684,66.67000453002412,8.042930880365667,152.36,2023-03-20,Turbine,685.9248544392163,2.316514015197754,-0.051483154296875,1.626953125,-11844.0,1238912.0
20,0.0,66.67000453002412,0.0,135.49,2023-03-20,Idle,0.0,0.0,0.0,0.0,-11844.0,1238912.0
21,0.0,66.67000453002412,0.0,127.5,2023-03-20,Idle,0.0,0.0,0.0,0.0,-11844.0,1238912.0
22,0.0,66.67000453002412,0.0,117.04,2023-03-20,Idle,0.0,0.0,0.0,0.0,-11844.0,1238912.0
23,0.0,66.67000453002412,0.0,120.79,2023-03-20,Idle,0.0,0.0,0.0,0.0,-11844.0,1238912.0
0,0.0,73.12263393186299,0.0,81.74,2023-05-25,Idle,0.0,0.0,0.0,0.0,-13860.0,1379584.0
1,0.0,73.12263393186299,0.0,74.78,2023-05-25,Idle,0.0,0.0,0.0,0.0,-13860.0,1379584.0
2,0.0,73.12263393186299,0.0,78.3,2023-05-25,Idle,0.0,0.0,0.0,0.0,-13860.0,1379584.0
3,0.0,73.12263393186299,0.0,81.78,2023-05-25,Idle,0.0,0.0,0.0,0.0,-13860.0,1379584.0
4,3.1841289873763814,71.49127441789042,5.437865931644434,91.23,2023-05-25,Turbine,290.4880875183473,1.9169921875,-0.063079833984375,3.955078125,-13346.0,1342720.0
5,5.421647219513866,68.68715169773954,9.347077255170232,112.68,2023-05-25,Turbine,610.9112086948224,2.4485931396484375,-0.074432373046875,2.54296875,-12474.0,1281536.0
6,5.091401261121368,65.9663493542954,9.06934262094353,104.0,2023-05-25,Turbine,529.5057311566223,2.4040756225585938,-0.052886962890625,1.302734375,-11620.0,1223936.0
7,0.0,65.9663493542954,0.0,83.35,2023-05-25,Idle,0.0,0.0,0.0,0.0,-11620.0,1223936.0
8,0.0,65.9663493542954,0.0,70.85,2023-05-25,Idle,0.0,0.0,0.0,0.0,-11620.0,1223936.0
9,0.0,65.9663493542954,0.0,55.86,2023-05-25,Idle,0.0,0.0,0.0,0.0,-11620.0,1223936.0
10,-4.328787615454103,68.26193693114875,-7.651959834947144,42.15,2023-05-25,Pump,-182.45839799139043,2.0894775390625,0.15301513671875,-9.072265625,-12338.0,1272064.0
11,-4.5537394383964935,70.56534325473109,-7.678022328285701,23.35,2023-05-25,Pump,-106.32981588655814,1.9369964599609375,0.157470703125,-10.11328125,-13054.0,1321984.0
12,-4.7794574448413325,72.87659495561012,-7.704173590197719,21.73,2023-05-25,Pump,-103.85761027640216,1.7862091064453125,0.15826416015625,-10.93359375,-13812.0,1376256.0
13,-5.005944244401432,75.195718755057,-7.730413923028163,21.37,2023-05-25,Pump,-106.9770285028586,1.6445465087890625,0.157958984375,-11.65625,-14476.0,1425408.0
14,-5.233202455577919,77.52274146535524,-7.756743630151387,36.95,2023-05-25,Pump,-193.3668307336041,1.5133514404296875,0.15716552734375,-12.31640625,-15142.0,1476480.0
15,0.0,77.52274146535524,0.0,68.93,2023-05-25,Idle,0.0,0.0,0.0,0.0,-15142.0,1476480.0
16,0.0,77.52274146535524,0.0,79.18,2023-05-25,Idle,0.0,0.0,0.0,0.0,-15142.0,1476480.0
17,2.9732516901871597,76.12710628686034,4.652118018830208,89.88,2023-05-25,Turbine,267.2358619140219,1.8090133666992188,-0.080352783203125,5.59375,-14760.0,1447168.0
18,4.257859011286202,74.04462869403729,6.941593105893245,105.82,2023-05-25,Turbine,450.5666405743059,2.1251068115234375,-0.097564697265625,5.701171875,-14132.0,1399808.0
19,3.768887047733538,72.14652984711208,6.326997186201884,100.0,2023-05-25,Turbine,376.88870477335377,2.017578125,-0.074981689453125,4.47265625,-13548.0,1357184.0
20,4.096987366439683,70.02755280943566,7.06325794187336,100.45,2023-05-25,Turbine,411.5423809588662,2.1762542724609375,-0.067657470703125,3.330078125,-12910.0,1311872.0
21,3.1068606918358106,68.34377867467296,5.612581362714934,90.94,2023-05-25,Turbine,282.5379113155486,1.9325294494628906,-0.0517578125,3.10546875,-12382.0,1275264.0
22,2.988201246196572,66.67000453002412,5.579248056910057,88.11,2023-05-25,Turbine,263.29041180238,1.9200439453125,-0.043365478515625,2.576171875,-11844.0,1238912.0
23,0.0,66.67000453002412,0.0,76.4,2023-05-25,Idle,0.0,0.0,0.0,0.0,-11844.0,1238912.0
0,-6.7224971389623445,76.0979742974275,-9.917802832773871,16.09,2023-12-11,Pump,-108.16497896590413,1.39837646484375,0.17681884765625,-14.5078125,-14754.0,1446656.0
1,-7.112858512661004,79.12170717620873,-10.079111236417509,13.36,2023-12-11,Pump,-95.02778972915101,1.2779541015625,0.17333984375,-15.01171875,-15530.0,1506688.0
2,-7.509568930709222,82.19461964969912,-10.243043245462957,9.32,2023-12-11,Pump,-69.98918243420995,1.20458984375,0.1629638671875,-14.6796875,-16152.0,1556864.0
3,-7.912731657330536,85.31751160090177,-10.40964153161949,12.42,2023-12-11,Pump,-98.27612718404525,1.1944580078125,0.1539306640625,-13.984375,-16396.0,1577152.0
4,-6.225068666685002,87.67900902935186,-7.8716593760279805,35.45,2023-12-11,Pump,-220.67868423398332,1.1893157958984375,0.1402587890625,-12.8515625,-16171.0,1557568.0
5,0.0,87.67900902935186,0.0,74.56,2023-12-11,Idle,0.0,0.0,0.0,0.0,-16171.0,1557568.0
6,3.552060522742937,86.29188027467822,4.623763268144329,94.05,2023-12-11,Turbine,334.0712921639732,1.5675125122070312,-0.119598388671875,9.689453125,-16365.0,1574464.0
7,3.473007625599564,84.90358972459032,4.627635920155477,99.68,2023-12-11,Turbine,346.18940011976457,1.6128311157226562,-0.115234375,9.12890625,-16383.0,1576064.0
8,3.393888517375875,83.5141364060216,4.631511815722398,98.67,2023-12-11,Turbine,334.8749800094776,1.6552352905273438,-0.110626220703125,8.576171875,-16288.0,1567936.0
9,3.314703142616506,82.12351934509056,4.635390957561548,93.47,2023-12-11,Turbine,309.8253027403648,1.6946792602539062,-0.1070556640625,8.1328125,-16164.0,1557888.0
10,0.0,82.12351934509057,0.0,91.43,2023-12-11,Idle,0.0,0.0,0.0,0.0,-16164.0,1557888.0
11,0.0,82.12351934509057,0.0,84.48,2023-12-11,Idle,0.0,0.0,0.0,0.0,-16164.0,1557888.0
12,0.0,82.12351934509057,0.0,82.92,2023-12-11,Idle,0.0,0.0,0.0,0.0,-16164.0,1557888.0
13,3.235451445819644,80.73173756709991,4.639273348392123,91.99,2023-12-11,Turbine,297.629178500949,1.7282257080078125,-0.1015625,7.5546875,-15879.0,1534592.0
14,3.156133371436995,79.33879009653613,4.643158990934978,97.65,2023-12-11,Turbine,308.19642372082257,1.7585372924804688,-0.096160888671875,7.0078125,-15602.0,1512320.0
15,3.076748863873739,77.94467595706857,4.647047887913844,107.16,2023-12-11,Turbine,329.70440825270987,1.782806396484375,-0.08929443359375,6.376953125,-15245.0,1484288.0
16,4.245412050511187,75.92204237833596,6.742113026457645,118.9,2023-12-11,Turbine,504.7794928057802,2.0569992065429688,-0.101318359375,6.271484375,-14694.0,1442048.0
17,5.127138044319631,73.39658466532639,8.418193746847063,123.12,2023-12-11,Turbine,631.253236016633,2.346254348754883,-0.113006591796875,5.796875,-13936.0,1385344.0
18,5.256093485839161,70.73185037686149,8.882449073927193,121.69,2023-12-11,Turbine,639.6140162917675,2.4130325317382812,-0.0914306640625,3.90625,-13106.0,1325568.0
19,4.579914554452699,68.32842573589072,8.011416773843905,114.21,2023-12-11,Turbine,523.0720412640428,2.331589698791504,-0.062774658203125,2.31640625,-12366.0,1274112.0
20,2.9567560770587984,66.67000453002412,5.528071585973095,99.6,2023-12-11,Turbine,294.49290527505633,1.91583251953125,-0.044342041015625,2.650390625,-11844.0,1238912.0
21,0.0,66.67000453002412,0.0,96.55,2023-12-11,Idle,0.0,0.0,0.0,0.0,-11844.0,1238912.0
22,0.0,66.67000453002412,0.0,88.1,2023-12-11,Idle,0.0,0.0,0.0,0.0,-11844.0,1238912.0
23,0.0,66.67000453002412,0.0,88.07,2023-12-11,Idle,0.0,0.0,0.0,0.0,-11844.0,1238912.0
0,2.792727265138653,71.68800847928676,4.782085620254804,64.2,2023-11-01,Turbine,179.29309042190152,,,,,
1,0.0,71.68800847928676,0.0,50.23,2023-11-01,Idle,0.0,,,,,
2,0.0,71.68800847928702,0.0,26.48,2023-11-01,Idle,0.0,,,,,
3,-4.88947092956495,74.00308396591083,-7.716919544754854,23.75,2023-11-01,Pump,-116.12493457716755,,,,,
4,0.0,74.00308396591109,0.0,30.13,2023-11-01,Idle,0.0,,,,,
5,0.0,74.0030839659111,0.0,47.99,2023-11-01,Idle,0.0,,,,,
6,3.100376592061161,72.43978017376789,5.211013488623962,68.07,2023-11-01,Turbine,211.04263462160318,,,,,
7,3.111512177224345,70.82478807573595,5.3833078696290615,66.88,2023-11-01,Turbine,208.09793441276418,,,,,
8,3.5836340952791748,68.92487368553587,6.333048998103138,69.23,2023-11-01,Turbine,248.09498841617727,,,,,
9,0.0,68.92487368553587,0.0,46.22,2023-11-01,Idle,0.0,,,,,
10,0.0,68.92487368553586,0.0,43.5,2023-11-01,Idle,0.0,,,,,
11,0.0,68.92487368553586,0.0,47.64,2023-11-01,Idle,0.0,,,,,
12,0.0,68.92487368553586,0.0,38.92,2023-11-01,Idle,0.0,,,,,
13,0.0,68.92487368553586,0.0,32.84,2023-11-01,Idle,0.0,,,,,
14,0.0,68.92487368553586,0.0,37.28,2023-11-01,Idle,0.0,,,,,
15,0.0,68.92487368553586,0.0,51.58,2023-11-01,Idle,0.0,,,,,
16,2.9747746391943752,67.2749807978229,5.4996438541673385,63.4,2023-11-01,Turbine,188.60071212492338,,,,,
17,4.925087665462523,64.59613903281917,8.929474003377152,80.46,2023-11-01,Turbine,396.27255356311457,,,,,
18,4.40962094098002,62.09741063997356,8.32909599846559,71.8,2023-11-01,Turbine,316.61078356236544,,,,,
19,0.0,62.09741063997356,0.0,57.48,2023-11-01,Idle,0.0,,,,,
20,0.0,62.09741063997356,0.0,40.15,2023-11-01,Idle,0.0,,,,,
21,0.0,62.09741063997356,0.0,40.77,2023-11-01,Idle,0.0,,,,,
22,-3.9496581823561625,64.37982065295513,-7.608034614891933,23.0,2023-11-01,Pump,-90.84213819419173,,,,,
23,-4.173318694505278,66.67000453002412,-7.633947499400882,19.49,2023-11-01,Pump,-81.33798135590787,,,,,
0,0.0,73.12263393186294,0.0,73.16,2023-06-06,Idle,0.0,,,,,
1,0.0,73.12263393186294,0.0,69.68,2023-06-06,Idle,0.0,,,,,
2,0.0,73.12263393186325,0.0,67.58,2023-06-06,Idle,0.0,,,,,
3,0.0,73.12263393186325,0.0,73.88,2023-06-06,Idle,0.0,,,,,
4,0.0,73.12263393186325,0.0,84.64,2023-06-06,Idle,0.0,,,,,
5,2.7224881997087564,71.72331342514092,4.664402448254404,106.72,2023-06-06,Turbine,290.5439406729185,,,,,
6,2.7841088216450323,70.25176357017288,4.90516698159368,108.8,2023-06-06,Turbine,302.9110397949795,,,,,
7,0.0,70.25176357017288,0.0,94.9,2023-06-06,Idle,0.0,,,,,
8,0.0,70.25176357017288,0.0,86.01,2023-06-06,Idle,0.0,,,,,
9,0.0,70.25176357017288,0.0,82.03,2023-06-06,Idle,0.0,,,,,
10,0.0,70.25176357017287,0.0,75.8,2023-06-06,Idle,0.0,,,,,
11,0.0,70.25176357017287,0.0,71.02,2023-06-06,Idle,0.0,,,,,
12,0.0,70.25176357017287,0.0,67.44,2023-06-06,Idle,0.0,,,,,
13,0.0,70.25176357017287,0.0,68.3,2023-06-06,Idle,0.0,,,,,
14,0.0,70.25176357017287,0.0,70.96,2023-06-06,Idle,0.0,,,,,
15,0.0,70.25176357017287,0.0,83.0,2023-06-06,Idle,0.0,,,,,
16,0.0,70.25176357017287,0.0,91.86,2023-06-06,Idle,0.0,,,,,
17,0.0,70.25176357017287,0.0,102.88,2023-06-06,Idle,0.0,,,,,
18,3.1919937478162668,68.53180861716736,5.733184109820318,109.39,2023-06-06,Turbine,349.1721960736214,,,,,
19,3.373315355525795,66.67000453002412,6.206014633904175,108.33,2023-06-06,Turbine,365.4312524641094,,,,,
20,0.0,66.67000453002412,0.0,97.96,2023-06-06,Idle,0.0,,,,,
21,0.0,66.67000453002412,0.0,89.99,2023-06-06,Idle,0.0,,,,,
22,0.0,66.67000453002412,0.0,86.74,2023-06-06,Idle,0.0,,,,,
23,0.0,66.67000453002412,0.0,78.4,2023-06-06,Idle,0.0,,,,,
0,2.7224881997087373,71.72331342514062,4.664402448254464,78.8,2023-08-13,Turbine,214.5320701370485,,,,,
1,0.0,71.72331342514062,0.0,69.66,2023-08-13,Idle,0.0,,,,,
2,0.0,71.72331342514062,0.0,69.0,2023-08-13,Idle,0.0,,,,,
3,0.0,71.72331342514062,0.0,72.02,2023-08-13,Idle,0.0,,,,,
4,2.730567850171856,70.27867539035776,4.815460899709206,77.89,2023-08-13,Turbine,212.68392984988589,,,,,
5,2.84850916303789,68.73216288624857,5.155042519400695,77.15,2023-08-13,Turbine,219.7624819283732,,,,,
6,0.0,68.73216288624857,0.0,71.59,2023-08-13,Idle,0.0,,,,,
7,0.0,68.73216288624857,0.0,49.74,2023-08-13,Idle,0.0,,,,,
8,-4.599818353817147,71.03717079440358,-7.683360944396876,28.31,2023-08-13,Pump,-130.22085759656343,,,,,
9,-4.825693304554966,73.35002953483523,-7.709530389578334,14.12,2023-08-13,Pump,-68.13878946031612,,,,,
10,-5.895776046585458,75.9973774749777,-8.824494570086406,3.64,2023-08-13,Pump,-21.46062480957107,,,,,
11,-6.727788345921206,78.87547114414141,-9.593647125344807,-0.95,2023-08-13,Pump,6.391398928625145,,,,,
12,-6.6482231552250415,81.62334275898625,-9.159573540298572,1.45,2023-08-13,Pump,-9.63992357507631,,,,,
13,-6.1942144923570375,84.10049144865769,-8.257163642843997,6.76,2023-08-13,Pump,-41.872889968333574,,,,,
14,-6.105809046810165,86.4578437194887,-7.857842181715435,17.45,2023-08-13,Pump,-106.54636786683739,,,,,
15,0.0,86.4578437194887,0.0,70.91,2023-08-13,Idle,0.0,,,,,
16,3.482465933696746,85.06969217276907,4.627172575519168,89.56,2023-08-13,Turbine,311.8896490218806,,,,,
17,4.094796538409755,83.33283184925054,5.789535354035454,100.0,2023-08-13,Turbine,409.47965384097546,,,,,
18,5.788563204595024,80.69340897130668,8.798077691791404,110.9,2023-08-13,Turbine,641.9516593895883,,,,,
19,6.505397129248962,77.61585837583955,10.25850365456851,120.0,2023-08-13,Turbine,780.6476555098754,,,,,
20,6.142949138439647,74.62975266368858,9.95368732723595,120.05,2023-08-13,Turbine,737.4610440696796,,,,,
21,5.791270755862459,71.73237468482641,9.657928168135372,114.0,2023-08-13,Turbine,660.2048661683203,,,,,
22,5.25574509436831,69.018749361387,9.045419217034004,98.02,2023-08-13,Turbine,515.1681341499817,,,,,
23,4.370644549581329,66.67000453002412,7.829150712151895,89.63,2023-08-13,Turbine,391.7408709789745,,,,,
0,0.0,73.12263393186299,0.0,88.75,2023-05-08,Idle,0.0,,,,,
1,0.0,73.12263393186309,0.0,84.39,2023-05-08,Idle,0.0,,,,,
2,0.0,73.12263393186336,0.0,84.2,2023-05-08,Idle,0.0,,,,,
3,0.0,73.1226339318636,0.0,90.91,2023-05-08,Idle,0.0,,,,,
4,0.0,73.1226339318636,0.0,98.25,2023-05-08,Idle,0.0,,,,,
5,0.0,73.1226339318636,0.0,108.16,2023-05-08,Idle,0.0,,,,,
6,0.0,73.12263393186365,0.0,110.97,2023-05-08,Idle,0.0,,,,,
7,0.0,73.12263393186377,0.0,100.01,2023-05-08,Idle,0.0,,,,,
8,0.0,73.12263393186396,0.0,92.17,2023-05-08,Idle,0.0,,,,,
9,0.0,73.12263393186396,0.0,84.47,2023-05-08,Idle,0.0,,,,,
10,0.0,73.12263393186396,0.0,84.76,2023-05-08,Idle,0.0,,,,,
11,0.0,73.12263393186396,0.0,90.69,2023-05-08,Idle,0.0,,,,,
12,0.0,73.12263393186396,0.0,81.04,2023-05-08,Idle,0.0,,,,,
13,0.0,73.1226339318642,0.0,78.0,2023-05-08,Idle,0.0,,,,,
14,0.0,73.1226339318642,0.0,84.01,2023-05-08,Idle,0.0,,,,,
15,0.0,73.1226339318642,0.0,97.05,2023-05-08,Idle,0.0,,,,,
16,0.0,73.12263393186443,0.0,108.1,2023-05-08,Idle,0.0,,,,,
17,2.722488199708823,71.72331342514208,4.664402448254469,122.0,2023-05-08,Turbine,332.1435603644764,,,,,
18,3.3392291180147846,69.9727380466174,5.835252211496926,125.76,2023-05-08,Turbine,419.9414538815393,,,,,
19,3.2214415760657853,68.22975489375384,5.809944788507402,121.99,2023-05-08,Turbine,392.9836578642651,,,,,
20,2.7546630860065786,66.67000453002346,5.19916872531997,115.65,2023-05-08,Turbine,318.57678589666085,,,,,
21,0.0,66.67000453002377,0.0,106.07,2023-05-08,Idle,0.0,,,,,
22,0.0,66.67000453002409,0.0,95.96,2023-05-08,Idle,0.0,,,,,
23,0.0,66.67000453002412,0.0,87.52,2023-05-08,Idle,0.0,,,,,
0,0.0,73.12263393186322,0.0,87.05,2023-06-28,Idle,0.0,,,,,
1,-5.030054374975851,75.44259573743113,-7.733207277219549,86.22,2023-06-28,Pump,-433.6912882104179,,,,,
2,-5.257394704999162,77.77045930809027,-7.759546498477285,86.66,2023-06-28,Pump,-455.60582513522735,,,,,
3,0.0,77.77045930809027,0.0,92.18,2023-06-28,Idle,0.0,,,,,
4,0.0,77.77045930809027,0.0,104.16,2023-06-28,Idle,0.0,,,,,
5,0.0,77.77045930809027,0.0,122.05,2023-06-28,Idle,0.0,,,,,
6,2.9873692067308326,76.37503160669708,4.651426428378618,124.69,2023-06-28,Turbine,372.4950663872675,,,,,
7,0.0,76.37503160669708,0.0,113.63,2023-06-28,Idle,0.0,,,,,
8,0.0,76.37503160669708,0.0,101.89,2023-06-28,Idle,0.0,,,,,
9,0.0,76.37503160669708,0.0,99.3,2023-06-28,Idle,0.0,,,,,
10,0.0,76.37503160669733,0.0,101.18,2023-06-28,Idle,0.0,,,,,
11,0.0,76.37503160669735,0.0,97.42,2023-06-28,Idle,0.0,,,,,
12,0.0,76.37503160669735,0.0,95.59,2023-06-28,Idle,0.0,,,,,
13,0.0,76.37503160669708,0.0,95.39,2023-06-28,Idle,0.0,,,,,
14,0.0,76.37503160669708,0.0,97.6,2023-06-28,Idle,0.0,,,,,
15,0.0,76.37503160669708,0.0,107.08,2023-06-28,Idle,0.0,,,,,
16,2.9078433500448004,74.97843515907255,4.655322249783836,125.64,2023-06-28,Turbine,365.34143849962874,,,,,
17,3.952060431231741,73.01579764448545,6.54212611342266,146.5,2023-06-28,Turbine,578.9768531754501,,,,,
18,4.327770623331637,70.80644852144361,7.364498275454723,146.02,2023-06-28,Turbine,631.9410664188857,,,,,
19,4.156701639407076,68.61794689986455,7.29500659260168,141.48,2023-06-28,Turbine,588.090147943313,,,,,
20,3.5497397461308453,66.67000453002412,6.493142289627826,133.72,2023-06-28,Turbine,474.6711988526166,,,,,
21,0.0,66.67000453002412,0.0,121.1,2023-06-28,Idle,0.0,,,,,
22,0.0,66.67000453002412,0.0,119.46,2023-06-28,Idle,0.0,,,,,
23,0.0,66.67000453002412,0.0,110.06,2023-06-28,Idle,0.0,,,,,
