Time,Power,Head,Flow,Volume,Price,Date
0,2.9161306984365742,75.7921059028179,4.795667074468292,327792.9014680858,48.59,2024-04-09
1,0.0,75.7921059028179,0.0,327792.9014680865,38.15,2024-04-09
2,2.849712041264907,74.6473300343651,4.763041317887939,344939.8502124831,38.54,2024-04-09
3,2.779909839462853,73.40995108266854,4.7084552697778435,361890.28918368334,41.84,2024-04-09
4,2.7103421838697552,72.17197904740169,4.651230122572201,378634.71762494324,41.1,2024-04-09
5,3.5024120556869303,70.52730276055628,6.17927357753814,400880.10250408057,58.65,2024-04-09
6,3.8907475999259726,68.51732546629363,7.090394071155387,426405.52116023994,63.05,2024-04-09
7,2.49112429508693,67.17022864285134,4.487182006287682,442559.3763828756,46.47,2024-04-09
8,0.0,67.17022864285843,0.0,442559.3763828756,32.52,2024-04-09
9,0.0,67.17022864285838,0.0,442559.3763828756,27.12,2024-04-09
10,0.0,67.17022864285842,0.0,442559.3763828756,17.48,2024-04-09
11,-4.395763466867653,69.4594727553338,-7.625476365762367,415107.6614661311,4.08,2024-04-09
12,-4.583557133462915,71.52607312465126,-7.704616465429183,387371.04219058604,4.28,2024-04-09
13,0.0,71.52607312465133,0.0,387371.04219058604,19.69,2024-04-09
14,0.0,71.52607312465128,0.0,387371.04219058604,13.22,2024-04-09
15,0.0,71.52607312465129,0.0,387371.04219058604,22.92,2024-04-09
16,2.605765269772764,70.31099709670184,4.565206694023161,403805.7862890694,41.91,2024-04-09
17,3.359841043927794,68.5977434510897,6.009831675032643,425441.18031918694,57.73,2024-04-09
18,2.990953071830723,66.98071683208127,5.386318653768626,444831.927472754,53.42,2024-04-09
19,2.528897444738187,65.59646165003902,4.610956567420175,461431.3711154666,48.34,2024-04-09
20,2.277538720980432,64.2743577233999,4.210066469666657,476587.6104062665,40.43,2024-04-09
21,0.0,64.27435772340161,0.0,476587.6104062665,25.0,2024-04-09
22,0.0,64.27435772340164,0.0,476587.61040626536,25.84,2024-04-09
23,-4.289525832220765,66.6700045300241,-7.7860397852014955,448557.86717954,6.65,2024-04-09
0,0.0,76.94472322725032,0.0,310528.5,53.14,2024-07-09
1,0.0,76.94472322725187,-6.437517185986508e-12,310528.49999997683,41.26,2024-07-09
2,0.0,76.94472322725187,0.0,310528.49999997683,38.7,2024-07-09
3,-2.5071500431295135e-11,76.94472322725187,0.0,310528.49999997683,49.9,2024-07-09
4,0.0,76.94472322725187,0.0,310528.49999997683,58.21,2024-07-09
5,2.916130698436665,75.79210590281943,4.795667074468483,327792.9014680634,75.38,2024-07-09
6,2.8597686356786265,74.64322858812446,4.780106106247885,345001.28345055575,75.58,2024-07-09
7,0.0,74.64322858812446,0.0,345001.28345055575,59.81,2024-07-09
8,0.0,74.64322858812446,0.0,345001.28345055575,46.63,2024-07-09
9,0.0,74.64322858812446,0.0,345001.28345055575,33.71,2024-07-09
10,-5.0730904991061525,76.54117758899852,-7.896750586318078,316572.9813398107,21.95,2024-07-09
11,-5.437683368721246,78.51823354988834,-8.225889004999829,286959.7809218113,7.32,2024-07-09
12,-5.774364472337162,80.463433236145,-8.418838359010593,256651.9628293732,5.31,2024-07-09
13,-5.649505474188039,82.24786223008142,-7.970604200269442,227957.7877084032,12.12,2024-07-09
14,0.0,82.24786223008142,0.0,227957.7877084032,46.43,2024-07-09
15,3.2299333972839666,81.14742565671524,4.915378759035754,245653.15124093188,77.36,2024-07-09
16,4.32390728586592,79.58177421077659,6.993378853157722,270829.3151122997,102.11,2024-07-09
17,4.899695164875751,77.57074357291282,8.42288361931972,301151.69614185067,110.09,2024-07-09
18,5.6758936165279295,75.02676179924623,10.584683547098663,339256.5569114059,121.81,2024-07-09
19,4.691634907989818,72.8119111304362,8.534065684413832,369979.19337529567,108.05,2024-07-09
20,3.6106901412338943,71.12101086249255,6.352943391673392,392849.7895853199,87.85,2024-07-09
21,3.4243660122639525,69.48588718220893,6.094755684418672,414790.9100492271,82.93,2024-07-09
22,2.8108180372798963,67.97791548680442,5.023056501873313,432873.91345597105,73.97,2024-07-09
23,2.4067421229257873,66.6700045300241,4.356653812102508,448557.86717954004,64.4,2024-07-09
0,3.0043285015858023,75.75613563978294,4.945327679458685,328331.67964605126,81.4,2024-10-05
1,2.847639283314434,74.61160448097384,4.762023160381319,345474.96302342403,75.54,2024-10-05
2,2.777713195651682,73.37086924232948,4.7066486375244665,362418.8981185121,75.72,2024-10-05
3,2.9458907626312874,72.0217005492729,5.069011162456135,380667.3383033542,79.82,2024-10-05
4,3.3520995325191607,70.45130763968847,5.900180777313324,401907.98910168215,86.2,2024-10-05
5,3.9714020994502874,68.37820538110984,7.268279276899548,428073.79449852055,100.4,2024-10-05
6,4.621852995668357,65.69934586281605,8.923286001970538,460197.6241056145,110.0,2024-10-05
7,3.799559030987389,63.37382015932522,7.14230505277375,485909.9222956,94.99,2024-10-05
8,2.156727543846674,61.963463196639225,4.055536753810458,500509.8546093176,67.67,2024-10-05
9,0.0,61.963463196639225,0.0,500509.8546093176,47.21,2024-10-05
10,-4.617688802931556,64.98100112202472,-8.805034148579466,468811.7316744316,32.51,2024-10-05
11,-4.965532836069345,67.72007042017088,-9.12384488983659,435965.8900710198,26.72,2024-10-05
12,-5.802449417607222,70.63308091886358,-10.143475098742684,399449.37971554615,6.8,2024-10-05
13,-4.948357180305077,72.83219524781566,-8.262373073392808,369704.83665133204,29.52,2024-10-05
14,-2.5220714405804756e-11,72.83219524782565,-3.753086730284849e-11,369704.83665119694,44.56,2024-10-05
15,-2.5071500431295135e-11,72.83219524782565,0.0,369704.83665119694,69.57,2024-10-05
16,3.436622472062632,71.23250947047113,6.0102380848028645,391341.6937564873,93.86,2024-10-05
17,4.135142558047065,69.16313723423221,7.588751865098388,418661.20047084143,109.86,2024-10-05
18,3.658376173052591,67.1609500972293,6.669289050410015,442670.6410523175,100.28,2024-10-05
19,2.867364175146879,65.59522823989757,5.215422397889014,461446.1616847179,83.55,2024-10-05
20,2.4584227135502776,64.16057470552019,4.533145508159379,477765.48551409174,78.6,2024-10-05
21,-2.9043434324194095e-11,64.16057470552018,0.0,477765.48551409174,67.0,2024-10-05
22,-2.969713364109339e-11,64.16057470552018,0.0,477765.48551409174,55.35,2024-10-05
23,-4.426342104108872,66.67000453002412,-8.113227315152756,448557.8671795418,44.22,2024-10-05
0,0.0,76.94472322725031,0.0,310528.5,68.7,2024-01-30
1,0.0,76.94472322725036,0.0,310528.5,69.37,2024-01-30
2,0.0,76.94472322725032,0.0,310528.49999986653,66.06,2024-01-30
3,0.0,76.94472322730353,0.0,310528.4999998666,65.29,2024-01-30
4,0.0,76.94472322725953,0.0,310528.49999986665,69.37,2024-01-30
5,0.0,76.94472322725919,0.0,310528.49999986665,78.7,2024-01-30
6,2.916130698437166,75.79210590282672,4.795667074468682,327792.9014679539,90.82,2024-01-30
7,2.849712041135643,74.64733003213648,4.763041327197271,344939.8502458641,95.94,2024-01-30
8,2.779909380450858,73.40995110190607,4.708455188227163,361890.2889234819,84.93,2024-01-30
9,0.0,73.40995110190616,0.0,361890.2889234822,77.15,2024-01-30
10,0.0,73.40995110190609,0.0,361890.2889234822,70.1,2024-01-30
11,0.0,73.40995110190607,0.0,361890.288923482,68.1,2024-01-30
12,9.368182265490077e-07,73.40995110190606,0.0,361890.2889234822,68.23,2024-01-30
13,0.0,73.40995110190609,0.0,361890.2889234822,71.93,2024-01-30
14,0.0,73.40995110190609,0.0,361890.2889234822,75.0,2024-01-30
15,0.0,73.40995110190607,0.0,361890.2889234822,80.22,2024-01-30
16,2.7103421839191024,72.17197904827279,4.651230191577056,378634.71761315956,88.42,2024-01-30
17,2.930589577552363,70.81254809158982,5.107567889381002,397021.9620149312,99.49,2024-01-30
18,3.11688568939009,69.30937023793095,5.52379716574535,416907.63181161444,101.39,2024-01-30
19,2.477748421392235,67.97791548680443,4.435078234543141,432873.91345596977,88.31,2024-01-30
20,0.0,67.97791548680443,0.0,432873.91345597047,79.18,2024-01-30
21,2.406742122925783,66.67000453002413,4.356653812102564,448557.8671795397,79.59,2024-01-30
22,0.0,66.67000453002412,0.0,448557.8671795406,76.34,2024-01-30
23,0.0,66.67000453002412,0.0,448557.8671795398,75.1,2024-01-30
0,2.916130698436576,75.7921059028179,4.795667074468462,327792.90146808646,62.84,2024-08-03
1,2.849712041135194,74.64733003212768,4.76304132719715,344939.8502459962,54.98,2024-08-03
2,2.7799093804503303,73.40995110189648,4.708455188226665,361890.2889236122,52.12,2024-08-03
3,2.7103421839181734,72.17197904826332,4.651230191576957,378634.71761328925,58.82,2024-08-03
4,2.6416204839298603,70.9490528947799,4.594700688483144,395175.6400918286,60.38,2024-08-03
5,2.5737340046019073,69.74098977858542,4.538858226148093,411515.5297059617,57.69,2024-08-03
6,2.5017285327296417,68.41962067409544,4.461563580524299,427577.1585958492,53.4,2024-08-03
7,0.0,68.41962067409544,0.0,427577.1585958492,41.69,2024-08-03
8,2.1369572777985013e-11,68.41962067408808,2.454214609315386e-11,427577.15859593754,32.44,2024-08-03
9,-4.493569697474745,70.59193272436143,-7.658672521002856,400005.9375203273,20.36,2024-08-03
10,-4.851847883790185,72.74359586184121,-8.084092462166979,370903.20465652616,14.66,2024-08-03
11,-5.1963923992148455,74.92510660070988,-8.367781154436642,340779.19250055426,6.41,2024-08-03
12,-5.3955391860143616,76.94464605270801,-8.402649040787892,310529.6559537178,4.12,2024-08-03
13,-5.3032710630361075,78.85509200040957,-7.9487463312731705,281914.1691611344,11.92,2024-08-03
14,-2.5071500431295135e-11,78.85509200041523,-2.347633198951371e-11,281914.1691610499,26.79,2024-08-03
15,2.1369572777985013e-11,78.8550920004083,2.8748559088853654e-11,281914.1691611534,40.58,2024-08-03
16,3.026214180763323,77.68947810890393,4.8497415773125,299373.2388394784,63.32,2024-08-03
17,3.3181377233677147,76.38166868381619,5.441371100908299,318962.17480274825,74.76,2024-08-03
18,3.659439914434897,74.89429770825977,6.188468508842192,341240.66143458016,80.66,2024-08-03
19,3.9793930330157745,73.08618340371231,6.952447125273409,366269.4710855644,85.03,2024-08-03
20,3.8575541384099545,71.26671032985841,6.836008994738009,390879.10346662125,85.18,2024-08-03
21,3.339937356665414,69.68963970780568,5.925269855658939,412210.07494699344,74.76,2024-08-03
22,3.041864410824573,68.06922926998783,5.435788760987165,431778.91448654723,70.56,2024-08-03
23,2.5794537767173855,66.67000453002412,4.660820192497937,448557.8671795398,64.64,2024-08-03
0,0.0,76.94472322725245,0.0,310528.5,80.07,2024-07-19
1,0.0,76.94472322725638,0.0,310528.5,73.16,2024-07-19
2,0.0,76.94472322724931,0.0,310528.5,71.83,2024-07-19
3,2.916130698439869,75.79210590281653,4.795667074474167,327792.901468107,80.48,2024-07-19
4,2.8497120411351267,74.6473300321261,4.763041327197101,344939.8502460166,90.0,2024-07-19
5,3.3861993534077692,73.12043634196047,5.796201707514001,365806.176393067,101.6,2024-07-19
6,3.1745492077654394,71.6569396824635,5.49855695687738,385600.98143782554,98.4,2024-07-19
7,2.6130298702121673,70.4402731459466,4.571182452076215,402057.23826529994,81.43,2024-07-19
8,0.0,70.44027314594659,0.0,402057.23826529994,70.41,2024-07-19
9,0.0,70.44027314594662,0.0,402057.23826529994,59.86,2024-07-19
10,-4.850330599206699,72.59711295683014,-8.1035419316091,372884.48731150717,45.74,2024-07-19
11,-4.8869034213571725,74.6695123403506,-7.8546925791208935,344607.59402667196,37.86,2024-07-19
12,-5.2582368686140315,76.6431349074934,-8.211603766555442,315045.82046707236,37.61,2024-07-19
13,-5.273114862991919,78.55194361692506,-7.94193431355319,286454.85693828086,43.99,2024-07-19
14,0.0,78.55194361693088,0.0,286454.8569382811,65.26,2024-07-19
15,0.0,78.55194361693088,0.0,286454.8569382811,77.67,2024-07-19
16,3.008745496086365,77.38839209597715,4.841160721953614,303883.0355373141,86.9,2024-07-19
17,3.2559576303002276,76.1014060572679,5.3547317399361845,323160.06980108435,104.69,2024-07-19
18,4.686153955335891,74.03574066367523,8.407217294263248,353426.05206043203,136.98,2024-07-19
19,3.933129706835411,72.19324768051894,6.922497939977447,378347.0446443509,120.14,2024-07-19
20,3.3320042718849083,70.63603469772306,5.850661991149238,399409.4278124881,107.11,2024-07-19
21,2.5555675857701665,69.41131702914328,4.52102727220597,415685.1259924296,91.7,2024-07-19
22,2.6710440475453447,67.97791548680684,4.774663184308977,432873.91345594195,94.99,2024-07-19
23,2.4067421229257877,66.67000453002412,4.356653812102408,448557.8671795106,89.52,2024-07-19
0,0.0,76.94472322725032,0.0,310528.5,59.34,2024-02-14
1,0.0,76.94472322725031,0.0,310528.5,55.76,2024-02-14
2,0.0,76.94472322725014,0.0,310528.5,54.79,2024-02-14
3,0.0,76.94472322725031,0.0,310528.5,55.06,2024-02-14
4,0.0,76.94472322726165,0.0,310528.5,58.74,2024-02-14
5,0.0,76.94472322728437,0.0,310528.5,63.93,2024-02-14
6,2.916130698450562,75.7921059028122,4.7956670744918455,327792.9014681707,73.41,2024-02-14
7,2.8497120411007515,74.64733003213344,4.763041327149779,344939.8502459099,80.13,2024-02-14
8,2.7799093804508823,73.40995110190661,4.708455188212653,361890.2889234754,69.65,2024-02-14
9,0.0,73.40995110191861,0.0,361890.28892331343,63.86,2024-02-14
10,0.0,73.4099511019185,0.0,361890.2889233145,63.29,2024-02-14
11,0.0,73.40995110191848,0.0,361890.28892331483,60.19,2024-02-14
12,0.0,73.40995110191847,0.0,361890.28892331495,53.92,2024-02-14
13,0.0,73.40995110191847,0.0,361890.28892330796,60.0,2024-02-14
14,0.0,73.40995110192112,0.0,361890.2889232788,64.55,2024-02-14
15,0.0,73.40995110191864,0.0,361890.2889233124,66.65,2024-02-14
16,2.710342471105171,72.17197904828487,4.65123019157916,378634.71761299734,76.3,2024-02-14
17,3.155966107863014,70.70281587146974,5.519846836850064,398506.16622565757,87.8,2024-02-14
18,2.8882867802324625,69.30937024567122,5.111518192538554,416907.6317187964,84.79,2024-02-14
19,2.4777484397179648,67.97791556063615,4.4350780143926585,432873.91257060994,76.77,2024-02-14
20,2.4067422882884575,66.67000654515323,4.35665405803411,448557.86717953277,69.58,2024-02-14
21,0.0,66.67000453002413,0.0,448557.867179536,68.2,2024-02-14
22,0.0,66.6700045300244,0.0,448557.86717953644,63.8,2024-02-14
23,0.0,66.67000453002412,0.0,448557.8671795398,61.62,2024-02-14
0,0.0,76.94472322724879,0.0,310528.5,90.4,2024-11-21
1,0.0,76.94472322725275,0.0,310528.5,86.8,2024-11-21
2,-5.303278781792578,78.85516959402368,-7.948748074895164,281913.00693037745,84.15,2024-11-21
3,-5.488295538003604,80.67574418324612,-7.965297330567111,253237.93654033585,84.23,2024-11-21
4,0.0,80.67574418324614,0.0,253237.9365403357,93.51,2024-11-21
5,0.0,80.67574418324615,0.0,253237.9365403357,109.4,2024-11-21
6,0.0,80.67574418324614,0.0,253237.9365403357,123.36,2024-11-21
7,3.1361411840820077,79.57870175401071,4.9002179543431765,270878.72117597115,133.85,2024-11-21
8,3.0686691502707863,78.42122166798683,4.87059603540952,288412.86690344545,135.04,2024-11-21
9,3.0012127476670893,77.2585594709171,4.8374605335403515,305827.7248241907,127.44,2024-11-21
10,0.0,77.25855947091708,0.0,305827.7248241909,115.55,2024-11-21
11,0.0,77.25855947091708,0.0,305827.7248241909,113.7,2024-11-21
12,0.0,77.25855947091709,0.0,305827.7248241909,121.29,2024-11-21
13,2.9342152625627733,76.10380706458443,4.804550458184011,323124.10647365334,134.4,2024-11-21
14,3.100826650810908,74.85854184127705,5.181144950547136,341776.22829562303,144.79,2024-11-21
15,3.7031621161322903,73.19599383529417,6.39110575418762,364784.2090106985,161.23,2024-11-21
16,3.8662940852122443,71.37385865112633,6.846010907001869,389429.8482759052,169.9,2024-11-21
17,3.4436171815286203,69.74569537142878,6.117231952951016,411451.88330652885,155.9,2024-11-21
18,3.3148100632447233,67.97791548680443,5.950563930400506,432873.9134559707,148.93,2024-11-21
19,2.4067421229234953,66.67000453002412,4.3566538120982585,448557.8671795244,129.08,2024-11-21
20,0.0,66.67000453002291,0.0,448557.8671795382,121.56,2024-11-21
21,0.0,66.67000453002426,0.0,448557.8671795382,120.0,2024-11-21
22,0.0,66.67000453002417,0.0,448557.86717953905,106.36,2024-11-21
23,0.0,66.67000453002412,0.0,448557.86717953975,113.3,2024-11-21
0,0.0,76.94472322725032,0.0,310528.5,6.0,2024-06-16
1,0.0,76.94472322725032,0.0,310528.5,4.01,2024-06-16
2,-3.020872441084066e-11,76.944723227261,-4.440892098500626e-11,310528.49999984016,3.02,2024-06-16
3,0.0,76.944723227261,0.0,310528.49999984016,2.96,2024-06-16
4,0.0,76.944723227261,0.0,310528.49999984016,3.51,2024-06-16
5,0.0,76.944723227261,0.0,310528.49999984016,0.47,2024-06-16
6,0.0,76.944723227261,0.0,310528.49999984016,-0.02,2024-06-16
7,0.0,76.944723227261,0.0,310528.49999984016,-1.27,2024-06-16
8,0.0,76.944723227261,0.0,310528.49999984016,-10.0,2024-06-16
9,-5.303278781793096,78.85516959402875,-7.948748074871801,281913.00693030166,-13.34,2024-06-16
10,-5.488295538004116,80.67574418325087,-7.965297330567168,253237.93654025986,-20.01,2024-06-16
11,-5.67129297267778,82.46033374630319,-7.971321422906968,224541.17941779477,-30.01,2024-06-16
12,-5.854428806886156,84.2462729805442,-7.977350071220904,195822.71916139952,-35.68,2024-06-16
13,-6.04049456492727,86.01021541543994,-7.968286058196398,167136.8893518925,-29.04,2024-06-16
14,0.0,86.01021541543996,-1.4210854715202004e-14,167136.88935189243,-9.86,2024-06-16
15,0.0,86.01021541543996,0.0,167136.88935189243,-1.32,2024-06-16
16,3.456365159142857,84.91665852767288,4.941679509984077,184926.93558783512,25.6,2024-06-16
17,4.568193803250058,83.36860310208729,6.946941424775005,209935.92471702513,45.18,2024-06-16
18,6.245086421567196,80.96817687013717,10.722111931510241,248535.527670462,55.9,2024-06-16
19,6.5026033945854325,78.22949081954867,11.874768588024665,291284.6945873508,69.47,2024-06-16
20,6.156687826214711,75.43186272367288,11.640023676206766,333188.7798216952,73.14,2024-06-16
21,5.807403683398862,72.54338912892135,11.228433177397335,373611.1392603256,65.0,2024-06-16
22,5.465402444017591,69.68448678892226,10.741286800092865,412279.7717406599,64.39,2024-06-16
23,5.116894821866792,66.67000453002412,10.077248733022202,448557.8671795398,56.7,2024-06-16
0,-8.128608897095546e-12,76.94472322725353,-1.3425704992187093e-11,310528.4999999517,83.29,2024-01-09
1,-1.0546230555519287e-11,76.94472322725373,-8.135714324453147e-13,310528.4999999488,85.0,2024-01-09
2,-1.3002932064409833e-12,76.94472322725966,1.4239276424632408e-11,310528.5,83.89,2024-01-09
3,1.2496670365180762e-11,76.94472322726739,0.0,310528.5,82.45,2024-01-09
4,5.7767124417296145e-12,76.94472322727829,0.0,310528.5,88.29,2024-01-09
5,-2.3222312961479474e-11,76.94472322724789,0.0,310528.5,99.83,2024-01-09
6,2.9161306984142037,75.79210590282736,4.7956670744290335,327792.90146794455,112.16,2024-01-09
7,3.163180511561747,74.51455509563095,5.315474799972634,346928.610747846,130.5,2024-01-09
8,2.771747202777453,73.26470235854582,4.7017410957766685,363854.878692642,120.69,2024-01-09
9,2.1401547201094218e-11,73.26470235822157,0.0,363854.878692642,109.08,2024-01-09
10,-2.48334686148155e-11,73.26470235821064,0.0,363854.878692642,102.1,2024-01-09
11,2.1401547201094218e-11,73.26470235821064,0.0,363854.878692642,92.22,2024-01-09
12,-2.48334686148155e-11,73.26470235821067,-5.684341886080802e-14,363854.87869264185,92.11,2024-01-09
13,-2.48334686148155e-11,73.26470235821068,-4.263256414560601e-14,363854.8786926417,101.19,2024-01-09
14,2.702279206600999,72.02849560944703,4.644597699928752,380575.4304123852,112.35,2024-01-09
15,2.8247168947030543,70.71719666726145,4.926729333006293,398311.65601120784,122.38,2024-01-09
16,3.4212923781319606,69.02610401809092,6.109109134786479,420304.44889643916,137.1,2024-01-09
17,3.3849071688804577,67.18878028787391,6.120128737984828,442336.91235318454,136.7,2024-01-09
18,3.133202352293422,65.47406324489135,5.711725636412538,462899.1246442697,129.74,2024-01-09
19,2.5156296648949716,63.98321605576083,4.639546438615071,479601.49182328396,116.34,2024-01-09
20,2.2801316390541615e-11,63.983216055763165,0.0,479601.49182328396,105.57,2024-01-09
21,-2.76560996326225e-11,63.983216055763165,0.0,479601.49182328396,98.4,2024-01-09
22,-2.822453382123058e-11,63.98321605576317,0.0,479601.49182328396,93.69,2024-01-09
23,-4.652096570931758,66.67000453002412,-8.623229067740581,448557.86717941787,83.0,2024-01-09
0,3.622489987096495,75.48773599120881,6.0620516173881756,332351.8858225974,74.21,2024-08-15
1,3.4491848510618737,74.03485271412414,5.857271213879261,353438.0621925628,70.71,2024-08-15
2,2.9537760869865246,72.69164718150381,5.046606753748378,371605.84650605696,64.39,2024-08-15
3,3.540694860665853,71.0362190704018,6.219669650656357,393996.6572484198,72.13,2024-08-15
4,3.9190598598519917,69.08193560268555,7.121744790849377,419634.9384954776,78.43,2024-08-15
5,4.189852530563289,66.72693823534134,7.844500579143826,447875.14058039535,82.77,2024-08-15
6,3.5953077976148307,64.7280865061554,6.658178800812777,471844.5842633214,73.05,2024-08-15
7,0.0,64.7280865061554,0.0,471844.5842633214,48.67,2024-08-15
8,0.0,64.7280865061554,0.0,471844.5842633214,33.06,2024-08-15
9,-4.615122800868731,67.26465953754283,-8.449329451352355,441426.9982384529,12.96,2024-08-15
10,-4.83244852505399,69.7915406649498,-8.498667847577138,410831.7939871752,10.02,2024-08-15
11,-5.502923201226278,72.28017419867767,-9.350136292556385,377171.30333397223,0.3,2024-08-15
12,-5.488348468446248,74.63790894156993,-8.91398330929374,345080.9634205147,0.11,2024-08-15
13,-5.4885445162613955,76.7030818619323,-8.59251511089552,314147.9090212909,0.34,2024-08-15
14,-5.4012357265654245,78.66109787615464,-8.146669958576481,284819.89717041556,2.05,2024-08-15
15,-5.469744460375365,80.49483421815285,-7.964686647664379,256147.0252388238,16.81,2024-08-15
16,0.0,80.49483421815286,0.0,256147.0252388123,51.88,2024-08-15
17,3.8093589298541075,79.11222234429805,6.087703964427064,278062.7595107497,82.65,2024-08-15
18,5.463455457325695,76.77037539664761,9.743666056574767,313139.9573144189,102.89,2024-08-15
19,4.833491390878542,74.68744249548777,8.666408634225817,344339.02839763183,100.0,2024-08-15
20,5.052447491571247,72.19410122099971,9.443464311409599,378335.4999187064,102.78,2024-08-15
21,4.066456335005244,70.23590693745058,7.357203537751261,404821.43265461095,88.62,2024-08-15
22,3.623406224675158,68.35338132391591,6.541678381436711,428371.4748277831,78.92,2024-08-15
23,3.104028533138744,66.67000453002412,5.607331208821307,448557.8671795398,71.06,2024-08-15
0,-7.071406570905432,79.41649428601858,-10.289286698818103,273487.06788425485,115.3,2024-12-12
1,-7.383446849905813,81.7177302467216,-10.27905345436534,236482.47544853966,109.96,2024-12-12
2,-7.695176788204038,84.01667750551343,-10.268830387417921,199514.68605383512,107.35,2024-12-12
3,-8.013503786466368,86.30302729352812,-10.317021429515293,162373.40890758007,112.51,2024-12-12
4,-8.334301221793687,88.59864898419485,-10.373695962545263,125028.10344241711,122.04,2024-12-12
5,-8.692837830375565,91.10806653900703,-10.500580620775864,87226.01320762401,150.17,2024-12-12
6,3.7646178023381394,89.90650237285827,4.901261590842555,104870.55493465721,258.04,2024-12-12
7,6.858207957070538,87.64854157919032,9.892763978354683,140484.50525673406,389.15,2024-12-12
8,7.369722086649877,85.04064963515017,11.78481552105658,182909.84113253775,400.0,2024-12-12
9,6.385625430703447,82.71311241189872,10.43516068148599,220476.4195858873,363.37,2024-12-12
10,5.103031751464329,80.86032381988947,8.27594966449334,250269.83837806334,328.83,2024-12-12
11,3.850310368253939,79.48878615353632,6.126320476415486,272324.5920931591,293.07,2024-12-12
12,4.393639190381543,77.7319309688479,7.336880395646574,298737.36151748674,318.55,2024-12-12
13,5.15018298151414,75.51024201105888,9.243727609096524,332014.78091023426,352.89,2024-12-12
14,5.817336529683141,72.62642110136787,11.242581518182547,372488.0743756914,475.91,2024-12-12
15,5.4749043530546855,69.76391641329953,10.754821314100127,411205.43110645184,551.0,2024-12-12
16,5.126596402913199,66.7540043121873,10.095873257477095,447550.5748333694,565.46,2024-12-12
17,4.7891543898755105,63.79910651581054,9.432446699247677,481507.38295066106,433.07,2024-12-12
18,4.451386792942112,60.76268256947874,8.731356132029532,512940.2650259674,375.03,2024-12-12
19,4.099008262214911,57.5042230854379,8.054070311031523,541934.9181456808,241.61,2024-12-12
20,1.8507489706837865,55.91190634569546,3.666179235506206,555133.1633935032,169.4,2024-12-12
21,-4.64398193683583,60.05386504090617,-9.68201694661741,520277.9023856805,150.0,2024-12-12
22,-5.0628404085658705,63.53727082227461,-10.016669927215332,484217.8906477053,134.75,2024-12-12
23,-5.273046120413268,66.67000453002412,-9.905562074490419,448557.8671795398,130.07,2024-12-12
0,0.0,76.94472322725088,0.0,310528.5,71.19,2024-04-24
1,0.0,76.94472322725031,0.0,310528.5,63.57,2024-04-24
2,0.0,76.9447232272506,0.0,310528.5,60.0,2024-04-24
3,0.0,76.94472322725079,0.0,310528.5,72.42,2024-04-24
4,2.916130698435509,75.79210590281886,4.795667074465072,327792.9014680743,82.3,2024-04-24
5,3.4719964453556615,74.36602698456444,5.87938876319393,348958.7010155724,101.2,2024-04-24
6,3.664043517923998,72.67595569176629,6.349826971535805,371818.0781131013,107.19,2024-04-24
7,2.6695975927755704,71.44690644387872,4.617713631089302,388441.84718502284,87.2,2024-04-24
8,0.0,71.44690490203973,0.0,388441.84718502534,68.35,2024-04-24
9,0.0,71.44690490203953,0.0,388441.84718502854,73.2,2024-04-24
10,2.6013705220669143,70.23279105831158,4.561591636407201,404863.57707609446,76.17,2024-04-24
11,9.28267164468366e-07,70.23279105831107,0.0,404863.57707610016,51.07,2024-04-24
12,-4.7400610030029515,72.3384734333574,-7.911336453796338,376382.7658424333,46.02,2024-04-24
13,-4.869321050172266,74.43052100991281,-7.860108652477322,348086.37469351495,44.36,2024-04-24
14,-5.250055147812148,76.41584816588284,-8.23226527106253,318450.21971768985,33.82,2024-04-24
15,0.0,76.41584816588278,0.0,318450.21971769055,57.13,2024-04-24
16,0.0,76.41584816587729,0.0,318450.21971769084,65.77,2024-04-24
17,2.885654693337206,75.26682886938336,4.780696846513678,335660.7283651401,89.86,2024-04-24
18,3.582777208906887,73.71759924206046,6.130112937032209,357729.134938456,108.15,2024-04-24
19,3.6162744818123267,72.0409443488806,6.299421571857366,380407.0525971425,110.0,2024-04-24
20,3.2087332767861976,70.54402371368289,5.6241354014356375,400653.94004231086,99.54,2024-04-24
21,2.5500329090807474,69.30937023793079,4.514914380362001,416907.63181161403,89.31,2024-04-24
22,2.477748421387519,67.97791548680433,4.435078234543909,432873.9134559721,83.5,2024-04-24
23,2.4067421229255914,66.67000453002412,4.356653812102138,448557.8671795398,80.0,2024-04-24
0,-3.5722536040339037e-12,76.94472322725166,-5.5848659030743875e-12,310528.4999999799,22.62,2024-08-09
1,0.0,76.94472322725164,1.4210854715202004e-14,310528.49999998,26.4,2024-08-09
2,0.0,76.94472322725478,-1.3059775483270641e-11,310528.49999993294,30.98,2024-08-09
3,-2.5071500431295135e-11,76.94472322725478,0.0,310528.49999993294,25.34,2024-08-09
4,3.0043285015863623,75.75613563978725,4.945327679459325,328331.6796459865,48.04,2024-08-09
5,3.253659204382326,74.4316431641892,5.4831992040057,348071.19678040704,51.0,2024-08-09
6,2.988389256102211,73.07781501475922,5.086517376830386,366382.65933699644,45.89,2024-08-09
7,-2.4492408101650653e-11,73.07781501475924,0.0,366382.65933699644,29.17,2024-08-09
8,-2.5071500431295135e-11,73.07781501475922,0.0,366382.65933699644,6.98,2024-08-09
9,-4.9303186743760685,75.1059487532271,-7.86449969919407,338070.4604198978,0.1,2024-08-09
10,-5.119370320209519,77.00641037486132,-7.907204786853356,309604.5231872257,-0.36,2024-08-09
11,-5.309448537015854,78.91719170954141,-7.950141767777595,280984.01282322634,-0.69,2024-08-09
12,-5.4942241560025815,80.73356001997149,-7.965492494736111,252308.23984217638,-1.86,2024-08-09
13,-5.677226074443866,82.51819330869088,-7.971516734677124,223610.77959733873,-3.32,2024-08-09
14,-5.860373120580107,84.30412005556015,-7.977509160204676,194891.7466206019,-4.79,2024-08-09
15,-6.046529103360876,86.06737406225129,-7.967977060210352,166207.0292038446,1.79,2024-08-09
16,3.459887391979463,84.97390277618351,4.9412926840511915,183995.68286642892,41.07,2024-08-09
17,5.244700076269019,83.13227116049521,8.261259229918437,213736.21609413528,79.93,2024-08-09
18,6.782140720067023,80.45677953791918,11.9507611886797,256758.95637338219,107.86,2024-08-09
19,6.4360614659612505,77.69132605885407,11.829611964283643,299345.55944480334,110.32,2024-08-09
20,6.091461323575577,74.90433660729006,11.595759725664365,341090.29445719504,105.21,2024-08-09
21,5.740551380963797,71.98454845275391,11.133208794571644,381169.84611765295,89.07,2024-08-09
22,5.022069058135898,69.3874656232848,9.667026819949669,415971.14266947174,73.67,2024-08-09
23,4.700233026173889,66.67000453002413,9.05186791946332,448557.8671795397,69.75,2024-08-09
0,0.0,76.94472322725248,0.0,310528.5,28.93,2024-02-06
1,-5.303278781792254,78.8551695940202,-7.948748074871634,281913.0069304297,12.2,2024-02-06
2,-5.488295538003293,80.6757441832432,-7.965297330567111,253237.93654038812,6.81,2024-02-06
3,-5.6712929726764685,82.46033374629506,-7.971321422906236,224541.17941792568,4.6,2024-02-06
4,0.0,82.46033374629522,0.0,224541.17941792568,21.2,2024-02-06
5,0.0,82.46033374629774,0.0,224541.17941788243,52.2,2024-02-06
6,3.2426094007101596,81.35943845486321,4.9174277395076516,242243.91928010999,70.27,2024-02-06
7,4.225872451741916,79.84310936899587,6.773068035699936,266626.96420862974,88.87,2024-02-06
8,4.045862101065455,78.28997927725328,6.59769668402798,290378.6722711305,87.3,2024-02-06
9,3.8070856110629387,76.77843405799155,6.289049700995278,313019.25119471346,84.18,2024-02-06
10,2.906548417213004,75.6269480273554,4.790960127683007,330266.7076543723,64.13,2024-02-06
11,0.0,75.62694802735538,0.0,330266.7076543723,53.96,2024-02-06
12,0.0,75.62694802735537,0.0,330266.7076543723,50.95,2024-02-06
13,0.0,75.62694802735535,0.0,330266.70765437244,52.43,2024-02-06
14,0.0,75.62694802735537,0.0,330266.70765437244,56.89,2024-02-06
15,2.840130205037062,74.48160127052884,4.757991990864383,347395.47882148426,61.33,2024-02-06
16,3.030101641902868,73.10871371261275,5.158126179292296,365964.7330669365,71.98,2024-02-06
17,3.859348014686233,71.28869444140008,6.838061132860631,390581.7531452348,84.73,2024-02-06
18,4.001519629277325,69.31808408158716,7.283718244684991,416803.13882610074,88.5,2024-02-06
19,2.4942702544553583,67.97791548680432,4.464104063852034,432873.9134559681,65.54,2024-02-06
20,2.4067421229228625,66.67000453002413,4.356653812097278,448557.8671795183,59.98,2024-02-06
21,0.0,66.6700045300241,0.0,448557.86717953987,56.93,2024-02-06
22,0.0,66.67000453002412,0.0,448557.86717953987,52.83,2024-02-06
23,0.0,66.67000453002412,0.0,448557.86717953987,41.34,2024-02-06
0,2.702904566831421e-11,76.94472322724205,3.4372504842394846e-11,310528.50000012375,2.3,2024-07-04
1,0.0,76.94472322723288,3.817390847871138e-11,310528.5000002612,0.18,2024-07-04
2,0.0,76.94472322723287,0.0,310528.5000002612,1.72,2024-07-04
3,0.0,76.94472322723288,0.0,310528.5000002612,2.17,2024-07-04
4,2.916130698435571,75.79210590280057,4.7956670744679855,327792.90146834595,12.13,2024-07-04
5,2.8497120411341954,74.6473300321105,4.763041327196618,344939.8502462538,19.72,2024-07-04
6,3.7600863303214522,72.92692786376995,6.523239505631395,368423.51246652676,31.23,2024-07-04
7,2.7556391345523368,71.66112570800276,4.755791688664559,385544.3625457192,23.21,2024-07-04
8,0.0,71.66112570800276,0.0,385544.3625457192,0.89,2024-07-04
9,-7.711165039836487e-12,71.66112570800276,0.0,385544.3625457192,-7.82,2024-07-04
10,0.0,71.66112570800276,0.0,385544.3625457192,-11.17,2024-07-04
11,-4.796903785819933,73.7407792671811,-7.813542635379278,357415.6090583538,-25.79,2024-07-04
12,-5.45376470753117,75.89632421933655,-8.662148519612686,326231.87438774813,-38.84,2024-07-04
13,-5.870927901910158,78.0460896692496,-8.94447720630491,294031.7564450505,-42.22,2024-07-04
14,-6.846077802707905,80.34533542412656,-9.8557622059827,258551.01250351276,-50.0,2024-07-04
15,-5.6373861937832,82.12967510160748,-7.970205245691851,229858.27361902207,-27.88,2024-07-04
16,0.0,82.12967510160748,0.0,229858.27361902207,-2.38,2024-07-04
17,4.470884867171848,80.53049843164854,7.143127760118496,255573.53355544867,38.04,2024-07-04
18,6.445653610964273,77.76890352808033,11.83612137709639,298183.57051299565,61.07,2024-07-04
19,6.1008638474322,74.98038049579536,11.60214045794531,339951.2761615988,73.19,2024-07-04
20,5.750188266939325,72.06510639434377,11.146935569655753,380080.2442123595,65.15,2024-07-04
21,5.407665100887184,69.18759830988571,10.635452405853329,418367.8728734315,49.73,2024-07-04
22,0.0,69.18759830988573,0.0,418367.8728734315,1.8,2024-07-04
23,0.0,69.18759830988573,0.0,418367.8728734315,0.0,2024-07-04
0,3.7109368835150507,75.44652267192033,6.233526879950688,332969.1967678225,42.82,2024-03-23
1,2.8290387757999413,74.28422549398083,4.748868337302696,350065.1227821122,27.64,2024-03-23
2,0.0,74.28422549393777,0.0,350065.1227821122,23.62,2024-03-23
3,0.0,74.28422549394708,0.0,350065.1227821122,21.46,2024-03-23
4,0.0,74.28422549393777,0.0,350065.1227821122,21.72,2024-03-23
5,0.0,74.28422549393777,0.0,350065.1227821122,22.58,2024-03-23
6,0.0,74.28422549394708,0.0,350065.1227821124,21.92,2024-03-23
7,0.0,74.28422549393777,0.0,350065.1227821124,19.37,2024-03-23
8,0.0,74.2842254939471,0.0,350065.1227821124,5.26,2024-03-23
9,0.0,74.28422549393775,0.0,350065.1227821124,0.01,2024-03-23
10,0.0,74.28422549393775,0.0,350065.1227821124,-0.05,2024-03-23
11,0.0,74.28422549393775,0.0,350065.1227821124,0.2,2024-03-23
12,0.0,74.28422549393775,0.0,350065.1227821124,-0.15,2024-03-23
13,-5.039277259684615,76.20126643141153,-7.889112475825485,321664.31786914065,-7.95,2024-03-23
14,0.0,76.20126643142626,0.0,321664.3178691408,-0.93,2024-03-23
15,0.0,76.20126643140239,0.0,321664.3178691408,-1.47,2024-03-23
16,0.0,76.20126643140227,0.0,321664.3178691408,18.27,2024-03-23
17,3.4916636147750273,74.78736771775756,5.882774242525585,342842.3051422329,41.32,2024-03-23
18,4.583089622991953,72.60876272222808,8.301280841873833,372726.9161729787,52.96,2024-03-23
19,3.819557116092057,70.80086365370258,6.792523874970598,397180.00212287286,44.97,2024-03-23
20,2.973909023713177,69.37434640188084,5.263461413665439,416128.4632120685,36.52,2024-03-23
21,2.600946102718608,67.97791548680445,4.651513956639533,432873.91345597076,33.17,2024-03-23
22,2.406742122925859,66.67000453002414,4.356653812102394,448557.8671795394,25.19,2024-03-23
23,0.0,66.67000453002416,0.0,448557.86717953935,15.02,2024-03-23
0,0.0,76.94472322724786,0.0,310528.5,122.9,2024-12-13
1,-5.355247992776348,78.87654144169211,-8.037669405525161,281592.8901401462,118.97,2024-12-13
2,-5.490338446727328,80.69566661325347,-7.965364581079328,252917.57764826066,114.95,2024-12-13
3,-5.673337426435596,82.48027124348516,-7.971388724278064,224220.5782408596,115.64,2024-12-13
4,0.0,82.48027124349005,0.0,224220.5782408596,123.14,2024-12-13
5,0.0,82.48027124348437,0.0,224220.57824086037,143.95,2024-12-13
6,3.2437988673598483,81.37933290774076,4.917620007822968,241924.01026902307,186.4,2024-12-13
7,4.949285831051219,79.52915457996562,8.264290257961207,271675.4551976834,253.0,2024-12-13
8,4.851428948322101,77.53823516187042,8.32310166769635,301638.6212013903,245.74,2024-12-13
9,3.914629408689607,75.95899915366536,6.570689132313177,325293.1020777177,208.42,2024-12-13
10,2.8593291320801955,74.81308787950819,4.76776537299034,342457.0574204829,174.1,2024-12-13
11,2.7900991424809307,73.59128140203634,4.716837143050938,359437.6711354663,165.84,2024-12-13
12,0.0,73.59128140203624,0.0,359437.6711354663,165.0,2024-12-13
13,3.111815619731722,72.1655576130151,5.356639120311399,378721.57196858735,184.5,2024-12-13
14,3.8541506492949544,70.32844563613594,6.902280764005994,403569.7827190089,214.74,2024-12-13
15,4.779870103790515,67.66511967828744,9.181959731572604,436624.8377526703,245.43,2024-12-13
16,4.897052414836002,64.76652980641867,9.655208215462537,471383.5873283354,284.21,2024-12-13
17,4.552087957414442,61.667954211891235,8.940377474396229,503568.9462361618,260.0,2024-12-13
18,4.2102345294826495,58.545225855508434,8.260390568577378,533306.3522830404,225.6,2024-12-13
19,3.0516663350117534,55.975713026092436,5.916093416247861,554604.2885815327,175.0,2024-12-13
20,0.0,55.975713026090645,0.0,554604.2885815477,146.22,2024-12-13
21,-4.624963784293362,60.08852629695176,-9.63477707764173,519919.0911020374,135.09,2024-12-13
22,-5.067078955568142,63.573077777263464,-10.019964429455229,483847.21915599855,116.52,2024-12-13
23,-5.216589920739216,66.67000453002412,-9.802597771230651,448557.8671795683,116.94,2024-12-13
0,-7.07140657090596,79.41649428985123,-10.289286715938363,273487.0678226219,-0.08,2024-10-21
1,-7.383446752910369,81.71773039135248,-10.279053590325258,236482.47489745097,-0.04,2024-10-21
2,-7.6951766730308595,84.01667750551346,-10.268830234337834,199514.6860538348,0.09,2024-10-21
3,-7.2344030067507,86.10341384627114,-9.41498725711702,165620.73192821353,5.91,2024-10-21
4,0.0,86.10341384627111,0.0,165620.73192818524,44.88,2024-10-21
5,3.462109082515007,85.0099965339576,4.941048781799829,183408.50754266462,96.17,2024-10-21
6,4.095710892294568,83.65608886679289,6.084598988083954,205313.06389976686,120.31,2024-10-21
7,3.3432643700735736,82.54219438729027,4.975491906458423,223224.8347630172,103.9,2024-10-21
8,3.247493188434665,81.44112236176186,4.918217167115003,240930.41656463122,89.63,2024-10-21
9,0.0,81.44112236176264,0.0,240930.41656463084,82.57,2024-10-21
10,0.0,81.44112236176201,0.0,240930.41656463084,75.82,2024-10-21
11,0.0,81.4411223617619,0.0,240930.41656463084,81.6,2024-10-21
12,0.0,81.4411223617619,0.0,240930.41656463084,81.44,2024-10-21
13,0.0,81.44112236176193,0.0,240930.41656463084,83.09,2024-10-21
14,3.181803476073282,80.34242750963263,4.907598919852546,258597.77267610002,91.49,2024-10-21
15,3.439159618800733,79.10372187052674,5.442308503399161,278190.083288337,106.19,2024-10-21
16,5.601986970001464,76.68407836748317,10.067352306365535,314432.5515912529,148.8,2024-10-21
17,5.966094402842584,73.86993774019119,11.454472150907463,355668.6513345198,170.8,2024-10-21
18,3.9199331256410614,72.03146428110348,6.90739603872801,380535.2770739406,119.49,2024-10-21
19,2.633820296805807,70.8102458973149,4.588284364349192,397053.1007855977,91.78,2024-10-21
20,2.9277095846515504,69.41035483733957,5.178767620128141,415696.66421805904,97.73,2024-10-21
21,2.6692196893253604,67.97791548680414,4.771458121643292,432873.9134559749,92.97,2024-10-21
22,2.4067421229257713,66.6700045300238,4.356653812102451,448557.8671795437,82.44,2024-10-21
23,0.0,66.67000453002403,0.0,448557.8671795409,78.72,2024-10-21
0,-7.101874643922201e-12,76.94472322725005,1.0604850331219495e-12,310528.50000000384,51.06,2024-08-05
1,-9.041656312547275e-12,76.94472322724667,1.411670780271379e-11,310528.50000005466,46.45,2024-08-05
2,-1.2853718089900212e-11,76.94472322724663,1.4210854715202004e-13,310528.5000000552,48.45,2024-08-05
3,-1.5276668818842154e-11,76.94472322724658,1.8474111129762605e-13,310528.5000000558,54.7,2024-08-05
4,2.9161306984365827,75.79210590281802,4.795667074452453,327792.90146808466,69.99,2024-08-05
5,3.1631805115555545,74.51455509562182,5.315474799971781,346928.6107479831,80.11,2024-08-05
6,3.07504328203115,73.12241371742657,5.236338964883615,365779.4310215641,78.56,2024-08-05
7,2.6943805490711066,71.88793629742698,4.638100375425395,382476.5923730955,70.12,2024-08-05
8,-2.48334686148155e-11,71.88793629742698,0.0,382476.5923730955,45.78,2024-08-05
9,-4.85004407529482,73.98747138455559,-7.888240252975407,354078.92746238405,27.18,2024-08-05
10,-5.012475513115438,75.93183904521914,-7.883058199357947,325699.91794469545,30.4,2024-08-05
11,-5.489377121997663,77.94992888828321,-8.396617687893453,295472.09426827903,8.26,2024-08-05
12,-6.005688893099926,80.02299339515992,-8.816033705548975,263734.3729283027,3.31,2024-08-05
13,-5.604307228402381,81.80708928787463,-7.969116319268863,235045.5541789348,9.97,2024-08-05
14,-5.787392401814001,83.592534478419,-7.9751432998800595,206335.03829936657,27.18,2024-08-05
15,-2.48334686148155e-11,83.592534478419,0.0,206335.03829936657,60.36,2024-08-05
16,3.8949808947718605,82.2738390237935,5.890287349751851,227540.07275847325,94.75,2024-08-05
17,5.883768529998465,79.99947433521406,10.159026109380541,264112.5667522432,127.87,2024-08-05
18,6.376557889699146,77.2100847040922,11.789231700890795,306553.8008754501,171.91,2024-08-05
19,6.032754106704546,74.42716842069804,11.549422196431294,348131.72078260273,136.76,2024-08-05
20,5.2367672116865025,71.78631599671805,9.922043466059321,383851.0772604163,111.88,2024-08-05
21,4.30170778219342,69.67622195052132,7.927911705222755,412391.5593992182,99.04,2024-08-05
22,3.1763141689493635,67.97791548680443,5.689542793542401,432873.9134559708,78.78,2024-08-05
23,2.4067421229257877,66.67000453002412,4.356653812102493,448557.8671795398,65.9,2024-08-05
