"date","type","cluster_index","prices_hourly","prices_quarterly"
"2024-01-08","oos_0","0","87.03,84.30,81.69,78.97,78.46,82.10,94.30,111.08,121.11,117.83,110.59,103.00,95.46,94.58,100.00,107.98,116.81,129.19,129.99,121.85,114.16,102.48,99.75,91.49","87.03,87.03,87.03,87.03,84.30,84.30,84.30,84.30,81.69,81.69,81.69,81.69,78.97,78.97,78.97,78.97,78.46,78.46,78.46,78.46,82.10,82.10,82.10,82.10,94.30,94.30,94.30,94.30,111.08,111.08,111.08,111.08,121.11,121.11,121.11,121.11,117.83,117.83,117.83,117.83,110.59,110.59,110.59,110.59,103.00,103.00,103.00,103.00,95.46,95.46,95.46,95.46,94.58,94.58,94.58,94.58,100.00,100.00,100.00,100.00,107.98,107.98,107.98,107.98,116.81,116.81,116.81,116.81,129.19,129.19,129.19,129.19,129.99,129.99,129.99,129.99,121.85,121.85,121.85,121.85,114.16,114.16,114.16,114.16,102.48,102.48,102.48,102.48,99.75,99.75,99.75,99.75,91.49,91.49,91.49,91.49"
"2024-03-04","oos_1","1","69.13,67.90,67.41,66.22,65.59,70.83,81.18,96.67,102.97,85.02,72.16,65.07,63.93,61.14,62.50,69.86,79.18,99.40,105.18,99.13,80.52,71.39,67.49,63.93","69.13,69.13,69.13,69.13,67.90,67.90,67.90,67.90,67.41,67.41,67.41,67.41,66.22,66.22,66.22,66.22,65.59,65.59,65.59,65.59,70.83,70.83,70.83,70.83,81.18,81.18,81.18,81.18,96.67,96.67,96.67,96.67,102.97,102.97,102.97,102.97,85.02,85.02,85.02,85.02,72.16,72.16,72.16,72.16,65.07,65.07,65.07,65.07,63.93,63.93,63.93,63.93,61.14,61.14,61.14,61.14,62.50,62.50,62.50,62.50,69.86,69.86,69.86,69.86,79.18,79.18,79.18,79.18,99.40,99.40,99.40,99.40,105.18,105.18,105.18,105.18,99.13,99.13,99.13,99.13,80.52,80.52,80.52,80.52,71.39,71.39,71.39,71.39,67.49,67.49,67.49,67.49,63.93,63.93,63.93,63.93"
"2024-01-23","oos_2","2","18.05,12.51,11.58,6.61,12.27,40.30,63.03,83.01,90.63,87.82,90.68,69.58,63.11,61.31,66.08,72.97,71.52,81.20,85.19,76.01,65.02,59.18,49.44,35.17","18.05,18.05,18.05,18.05,12.51,12.51,12.51,12.51,11.58,11.58,11.58,11.58,6.61,6.61,6.61,6.61,12.27,12.27,12.27,12.27,40.30,40.30,40.30,40.30,63.03,63.03,63.03,63.03,83.01,83.01,83.01,83.01,90.63,90.63,90.63,90.63,87.82,87.82,87.82,87.82,90.68,90.68,90.68,90.68,69.58,69.58,69.58,69.58,63.11,63.11,63.11,63.11,61.31,61.31,61.31,61.31,66.08,66.08,66.08,66.08,72.97,72.97,72.97,72.97,71.52,71.52,71.52,71.52,81.20,81.20,81.20,81.20,85.19,85.19,85.19,85.19,76.01,76.01,76.01,76.01,65.02,65.02,65.02,65.02,59.18,59.18,59.18,59.18,49.44,49.44,49.44,49.44,35.17,35.17,35.17,35.17"
"2024-02-26","oos_3","3","57.83,56.82,55.69,51.80,52.84,57.92,65.52,76.73,81.60,73.83,66.65,65.03,58.42,58.19,61.29,64.95,69.66,77.00,85.37,81.27,72.67,65.85,65.21,60.76","57.83,57.83,57.83,57.83,56.82,56.82,56.82,56.82,55.69,55.69,55.69,55.69,51.80,51.80,51.80,51.80,52.84,52.84,52.84,52.84,57.92,57.92,57.92,57.92,65.52,65.52,65.52,65.52,76.73,76.73,76.73,76.73,81.60,81.60,81.60,81.60,73.83,73.83,73.83,73.83,66.65,66.65,66.65,66.65,65.03,65.03,65.03,65.03,58.42,58.42,58.42,58.42,58.19,58.19,58.19,58.19,61.29,61.29,61.29,61.29,64.95,64.95,64.95,64.95,69.66,69.66,69.66,69.66,77.00,77.00,77.00,77.00,85.37,85.37,85.37,85.37,81.27,81.27,81.27,81.27,72.67,72.67,72.67,72.67,65.85,65.85,65.85,65.85,65.21,65.21,65.21,65.21,60.76,60.76,60.76,60.76"
"2024-10-20","oos_4","4","47.33,43.11,42.90,38.64,39.61,41.52,38.65,44.72,42.93,30.77,6.37,0.08,0.00,-0.98,-2.01,0.00,2.75,35.25,41.26,46.49,35.53,22.50,13.15,2.09","47.33,47.33,47.33,47.33,43.11,43.11,43.11,43.11,42.90,42.90,42.90,42.90,38.64,38.64,38.64,38.64,39.61,39.61,39.61,39.61,41.52,41.52,41.52,41.52,38.65,38.65,38.65,38.65,44.72,44.72,44.72,44.72,42.93,42.93,42.93,42.93,30.77,30.77,30.77,30.77,6.37,6.37,6.37,6.37,0.08,0.08,0.08,0.08,0.00,0.00,0.00,0.00,-0.98,-0.98,-0.98,-0.98,-2.01,-2.01,-2.01,-2.01,0.00,0.00,0.00,0.00,2.75,2.75,2.75,2.75,35.25,35.25,35.25,35.25,41.26,41.26,41.26,41.26,46.49,46.49,46.49,46.49,35.53,35.53,35.53,35.53,22.50,22.50,22.50,22.50,13.15,13.15,13.15,13.15,2.09,2.09,2.09,2.09"
"2024-03-28","oos_5","5","59.57,41.08,37.24,36.48,30.14,30.53,37.57,54.88,48.95,42.34,20.65,13.98,6.72,0.05,0.03,6.35,15.27,25.80,40.35,62.65,42.32,28.21,32.14,25.00","59.57,59.57,59.57,59.57,41.08,41.08,41.08,41.08,37.24,37.24,37.24,37.24,36.48,36.48,36.48,36.48,30.14,30.14,30.14,30.14,30.53,30.53,30.53,30.53,37.57,37.57,37.57,37.57,54.88,54.88,54.88,54.88,48.95,48.95,48.95,48.95,42.34,42.34,42.34,42.34,20.65,20.65,20.65,20.65,13.98,13.98,13.98,13.98,6.72,6.72,6.72,6.72,0.05,0.05,0.05,0.05,0.03,0.03,0.03,0.03,6.35,6.35,6.35,6.35,15.27,15.27,15.27,15.27,25.80,25.80,25.80,25.80,40.35,40.35,40.35,40.35,62.65,62.65,62.65,62.65,42.32,42.32,42.32,42.32,28.21,28.21,28.21,28.21,32.14,32.14,32.14,32.14,25.00,25.00,25.00,25.00"
"2024-05-21","oos_6","6","92.47,80.00,60.83,62.07,67.86,81.22,82.84,94.51,85.17,71.94,57.72,45.53,26.83,28.06,51.43,54.17,61.55,70.83,99.30,109.40,109.80,93.05,85.49,73.24","92.47,92.47,92.47,92.47,80.00,80.00,80.00,80.00,60.83,60.83,60.83,60.83,62.07,62.07,62.07,62.07,67.86,67.86,67.86,67.86,81.22,81.22,81.22,81.22,82.84,82.84,82.84,82.84,94.51,94.51,94.51,94.51,85.17,85.17,85.17,85.17,71.94,71.94,71.94,71.94,57.72,57.72,57.72,57.72,45.53,45.53,45.53,45.53,26.83,26.83,26.83,26.83,28.06,28.06,28.06,28.06,51.43,51.43,51.43,51.43,54.17,54.17,54.17,54.17,61.55,61.55,61.55,61.55,70.83,70.83,70.83,70.83,99.30,99.30,99.30,99.30,109.40,109.40,109.40,109.40,109.80,109.80,109.80,109.80,93.05,93.05,93.05,93.05,85.49,85.49,85.49,85.49,73.24,73.24,73.24,73.24"
"2024-03-24","oos_7","7","15.02,7.30,6.16,4.80,4.89,4.51,4.18,1.19,0.00,0.00,0.00,0.00,0.00,0.00,0.00,0.00,3.89,34.35,62.91,74.90,66.44,66.00,63.05,63.11","15.02,15.02,15.02,15.02,7.30,7.30,7.30,7.30,6.16,6.16,6.16,6.16,4.80,4.80,4.80,4.80,4.89,4.89,4.89,4.89,4.51,4.51,4.51,4.51,4.18,4.18,4.18,4.18,1.19,1.19,1.19,1.19,0.00,0.00,0.00,0.00,0.00,0.00,0.00,0.00,0.00,0.00,0.00,0.00,0.00,0.00,0.00,0.00,0.00,0.00,0.00,0.00,0.00,0.00,0.00,0.00,0.00,0.00,0.00,0.00,0.00,0.00,0.00,0.00,3.89,3.89,3.89,3.89,34.35,34.35,34.35,34.35,62.91,62.91,62.91,62.91,74.90,74.90,74.90,74.90,66.44,66.44,66.44,66.44,66.00,66.00,66.00,66.00,63.05,63.05,63.05,63.05,63.11,63.11,63.11,63.11"
"2024-04-06","oos_8","8","26.24,24.78,25.88,26.17,27.93,22.70,21.43,21.92,18.32,4.11,-10.00,-10.80,-20.00,-54.42,-45.66,-33.01,-0.49,2.59,33.30,40.11,37.97,33.44,28.56,17.04","26.24,26.24,26.24,26.24,24.78,24.78,24.78,24.78,25.88,25.88,25.88,25.88,26.17,26.17,26.17,26.17,27.93,27.93,27.93,27.93,22.70,22.70,22.70,22.70,21.43,21.43,21.43,21.43,21.92,21.92,21.92,21.92,18.32,18.32,18.32,18.32,4.11,4.11,4.11,4.11,-10.00,-10.00,-10.00,-10.00,-10.80,-10.80,-10.80,-10.80,-20.00,-20.00,-20.00,-20.00,-54.42,-54.42,-54.42,-54.42,-45.66,-45.66,-45.66,-45.66,-33.01,-33.01,-33.01,-33.01,-0.49,-0.49,-0.49,-0.49,2.59,2.59,2.59,2.59,33.30,33.30,33.30,33.30,40.11,40.11,40.11,40.11,37.97,37.97,37.97,37.97,33.44,33.44,33.44,33.44,28.56,28.56,28.56,28.56,17.04,17.04,17.04,17.04"
"2024-03-26","oos_9","9","61.57,53.83,47.08,45.71,57.74,62.29,75.33,79.20,72.08,62.00,49.50,37.03,27.84,29.57,37.10,50.23,63.74,81.05,103.29,100.30,79.23,77.05,69.78,63.31","61.57,61.57,61.57,61.57,53.83,53.83,53.83,53.83,47.08,47.08,47.08,47.08,45.71,45.71,45.71,45.71,57.74,57.74,57.74,57.74,62.29,62.29,62.29,62.29,75.33,75.33,75.33,75.33,79.20,79.20,79.20,79.20,72.08,72.08,72.08,72.08,62.00,62.00,62.00,62.00,49.50,49.50,49.50,49.50,37.03,37.03,37.03,37.03,27.84,27.84,27.84,27.84,29.57,29.57,29.57,29.57,37.10,37.10,37.10,37.10,50.23,50.23,50.23,50.23,63.74,63.74,63.74,63.74,81.05,81.05,81.05,81.05,103.29,103.29,103.29,103.29,100.30,100.30,100.30,100.30,79.23,79.23,79.23,79.23,77.05,77.05,77.05,77.05,69.78,69.78,69.78,69.78,63.31,63.31,63.31,63.31"
"2024-11-03","oos_10","10","101.19,95.52,88.25,85.07,84.93,85.49,93.22,95.66,86.10,81.84,66.48,57.97,52.63,56.41,73.10,88.43,107.82,121.52,124.37,119.26,110.92,102.35,100.80,94.91","101.19,101.19,101.19,101.19,95.52,95.52,95.52,95.52,88.25,88.25,88.25,88.25,85.07,85.07,85.07,85.07,84.93,84.93,84.93,84.93,85.49,85.49,85.49,85.49,93.22,93.22,93.22,93.22,95.66,95.66,95.66,95.66,86.10,86.10,86.10,86.10,81.84,81.84,81.84,81.84,66.48,66.48,66.48,66.48,57.97,57.97,57.97,57.97,52.63,52.63,52.63,52.63,56.41,56.41,56.41,56.41,73.10,73.10,73.10,73.10,88.43,88.43,88.43,88.43,107.82,107.82,107.82,107.82,121.52,121.52,121.52,121.52,124.37,124.37,124.37,124.37,119.26,119.26,119.26,119.26,110.92,110.92,110.92,110.92,102.35,102.35,102.35,102.35,100.80,100.80,100.80,100.80,94.91,94.91,94.91,94.91"
"2024-03-30","oos_11","11","69.30,58.16,56.70,60.66,65.38,65.05,63.80,52.93,48.92,44.45,35.91,24.70,22.90,11.48,15.94,38.78,52.52,77.78,90.84,98.98,86.99,73.66,70.83,65.74","69.30,69.30,69.30,69.30,58.16,58.16,58.16,58.16,56.70,56.70,56.70,56.70,60.66,60.66,60.66,60.66,65.38,65.38,65.38,65.38,65.05,65.05,65.05,65.05,63.80,63.80,63.80,63.80,52.93,52.93,52.93,52.93,48.92,48.92,48.92,48.92,44.45,44.45,44.45,44.45,35.91,35.91,35.91,35.91,24.70,24.70,24.70,24.70,22.90,22.90,22.90,22.90,11.48,11.48,11.48,11.48,15.94,15.94,15.94,15.94,38.78,38.78,38.78,38.78,52.52,52.52,52.52,52.52,77.78,77.78,77.78,77.78,90.84,90.84,90.84,90.84,98.98,98.98,98.98,98.98,86.99,86.99,86.99,86.99,73.66,73.66,73.66,73.66,70.83,70.83,70.83,70.83,65.74,65.74,65.74,65.74"
"2024-09-25","oos_12","12","55.15,56.29,47.70,41.37,52.34,56.68,67.33,87.68,91.87,77.50,63.46,54.48,51.61,48.04,61.28,76.29,81.30,97.13,139.91,149.43,98.13,87.78,84.29,76.20","55.15,55.15,55.15,55.15,56.29,56.29,56.29,56.29,47.70,47.70,47.70,47.70,41.37,41.37,41.37,41.37,52.34,52.34,52.34,52.34,56.68,56.68,56.68,56.68,67.33,67.33,67.33,67.33,87.68,87.68,87.68,87.68,91.87,91.87,91.87,91.87,77.50,77.50,77.50,77.50,63.46,63.46,63.46,63.46,54.48,54.48,54.48,54.48,51.61,51.61,51.61,51.61,48.04,48.04,48.04,48.04,61.28,61.28,61.28,61.28,76.29,76.29,76.29,76.29,81.30,81.30,81.30,81.30,97.13,97.13,97.13,97.13,139.91,139.91,139.91,139.91,149.43,149.43,149.43,149.43,98.13,98.13,98.13,98.13,87.78,87.78,87.78,87.78,84.29,84.29,84.29,84.29,76.20,76.20,76.20,76.20"
"2024-07-29","oos_13","13","41.50,38.74,35.92,34.41,35.56,44.17,59.79,53.56,51.50,39.23,12.95,0.12,-0.16,-1.46,-0.60,0.15,14.00,61.25,80.32,110.78,120.20,100.54,96.85,90.20","41.50,41.50,41.50,41.50,38.74,38.74,38.74,38.74,35.92,35.92,35.92,35.92,34.41,34.41,34.41,34.41,35.56,35.56,35.56,35.56,44.17,44.17,44.17,44.17,59.79,59.79,59.79,59.79,53.56,53.56,53.56,53.56,51.50,51.50,51.50,51.50,39.23,39.23,39.23,39.23,12.95,12.95,12.95,12.95,0.12,0.12,0.12,0.12,-0.16,-0.16,-0.16,-0.16,-1.46,-1.46,-1.46,-1.46,-0.60,-0.60,-0.60,-0.60,0.15,0.15,0.15,0.15,14.00,14.00,14.00,14.00,61.25,61.25,61.25,61.25,80.32,80.32,80.32,80.32,110.78,110.78,110.78,110.78,120.20,120.20,120.20,120.20,100.54,100.54,100.54,100.54,96.85,96.85,96.85,96.85,90.20,90.20,90.20,90.20"
"2024-06-29","oos_14","14","86.68,71.85,67.86,69.93,62.89,62.53,57.86,50.00,47.36,29.58,5.04,0.04,-0.01,-0.22,-0.07,1.40,12.26,50.31,68.80,85.91,93.05,75.17,79.80,73.56","86.68,86.68,86.68,86.68,71.85,71.85,71.85,71.85,67.86,67.86,67.86,67.86,69.93,69.93,69.93,69.93,62.89,62.89,62.89,62.89,62.53,62.53,62.53,62.53,57.86,57.86,57.86,57.86,50.00,50.00,50.00,50.00,47.36,47.36,47.36,47.36,29.58,29.58,29.58,29.58,5.04,5.04,5.04,5.04,0.04,0.04,0.04,0.04,-0.01,-0.01,-0.01,-0.01,-0.22,-0.22,-0.22,-0.22,-0.07,-0.07,-0.07,-0.07,1.40,1.40,1.40,1.40,12.26,12.26,12.26,12.26,50.31,50.31,50.31,50.31,68.80,68.80,68.80,68.80,85.91,85.91,85.91,85.91,93.05,93.05,93.05,93.05,75.17,75.17,75.17,75.17,79.80,79.80,79.80,79.80,73.56,73.56,73.56,73.56"
"2024-03-08","oos_15","15","68.49,66.96,67.01,65.99,65.00,67.10,78.79,94.81,88.89,74.36,59.66,52.25,42.94,25.00,44.06,48.91,56.46,72.80,84.51,80.81,71.95,65.29,65.17,60.04","68.49,68.49,68.49,68.49,66.96,66.96,66.96,66.96,67.01,67.01,67.01,67.01,65.99,65.99,65.99,65.99,65.00,65.00,65.00,65.00,67.10,67.10,67.10,67.10,78.79,78.79,78.79,78.79,94.81,94.81,94.81,94.81,88.89,88.89,88.89,88.89,74.36,74.36,74.36,74.36,59.66,59.66,59.66,59.66,52.25,52.25,52.25,52.25,42.94,42.94,42.94,42.94,25.00,25.00,25.00,25.00,44.06,44.06,44.06,44.06,48.91,48.91,48.91,48.91,56.46,56.46,56.46,56.46,72.80,72.80,72.80,72.80,84.51,84.51,84.51,84.51,80.81,80.81,80.81,80.81,71.95,71.95,71.95,71.95,65.29,65.29,65.29,65.29,65.17,65.17,65.17,65.17,60.04,60.04,60.04,60.04"
"2024-01-04","oos_16","16","57.30,50.46,40.00,25.48,35.00,57.73,72.65,85.02,91.47,94.20,91.59,90.00,86.26,85.96,92.11,98.62,101.93,121.22,129.28,110.95,96.94,88.50,85.07,87.67","57.30,57.30,57.30,57.30,50.46,50.46,50.46,50.46,40.00,40.00,40.00,40.00,25.48,25.48,25.48,25.48,35.00,35.00,35.00,35.00,57.73,57.73,57.73,57.73,72.65,72.65,72.65,72.65,85.02,85.02,85.02,85.02,91.47,91.47,91.47,91.47,94.20,94.20,94.20,94.20,91.59,91.59,91.59,91.59,90.00,90.00,90.00,90.00,86.26,86.26,86.26,86.26,85.96,85.96,85.96,85.96,92.11,92.11,92.11,92.11,98.62,98.62,98.62,98.62,101.93,101.93,101.93,101.93,121.22,121.22,121.22,121.22,129.28,129.28,129.28,129.28,110.95,110.95,110.95,110.95,96.94,96.94,96.94,96.94,88.50,88.50,88.50,88.50,85.07,85.07,85.07,85.07,87.67,87.67,87.67,87.67"
"2024-11-14","oos_17","17","102.33,100.29,96.38,92.58,92.05,94.00,107.39,117.76,130.24,127.30,127.90,127.68,125.60,128.39,134.59,143.81,146.79,157.75,156.36,149.94,139.34,129.62,123.12,112.69","102.33,102.33,102.33,102.33,100.29,100.29,100.29,100.29,96.38,96.38,96.38,96.38,92.58,92.58,92.58,92.58,92.05,92.05,92.05,92.05,94.00,94.00,94.00,94.00,107.39,107.39,107.39,107.39,117.76,117.76,117.76,117.76,130.24,130.24,130.24,130.24,127.30,127.30,127.30,127.30,127.90,127.90,127.90,127.90,127.68,127.68,127.68,127.68,125.60,125.60,125.60,125.60,128.39,128.39,128.39,128.39,134.59,134.59,134.59,134.59,143.81,143.81,143.81,143.81,146.79,146.79,146.79,146.79,157.75,157.75,157.75,157.75,156.36,156.36,156.36,156.36,149.94,149.94,149.94,149.94,139.34,139.34,139.34,139.34,129.62,129.62,129.62,129.62,123.12,123.12,123.12,123.12,112.69,112.69,112.69,112.69"
"2024-12-04","oos_18","18","121.05,116.66,112.79,109.92,111.11,118.56,137.49,175.04,232.64,224.44,176.42,170.32,170.33,164.45,172.49,182.49,202.32,247.46,206.67,182.24,150.65,131.04,123.40,112.40","121.05,121.05,121.05,121.05,116.66,116.66,116.66,116.66,112.79,112.79,112.79,112.79,109.92,109.92,109.92,109.92,111.11,111.11,111.11,111.11,118.56,118.56,118.56,118.56,137.49,137.49,137.49,137.49,175.04,175.04,175.04,175.04,232.64,232.64,232.64,232.64,224.44,224.44,224.44,224.44,176.42,176.42,176.42,176.42,170.32,170.32,170.32,170.32,170.33,170.33,170.33,170.33,164.45,164.45,164.45,164.45,172.49,172.49,172.49,172.49,182.49,182.49,182.49,182.49,202.32,202.32,202.32,202.32,247.46,247.46,247.46,247.46,206.67,206.67,206.67,206.67,182.24,182.24,182.24,182.24,150.65,150.65,150.65,150.65,131.04,131.04,131.04,131.04,123.40,123.40,123.40,123.40,112.40,112.40,112.40,112.40"
